releaseMonth,lifetime_gross,imdb_averageRating
3,19181,8.5
9,1585634,8.3
1,1788,7.3
11,15057465,6.7
10,199963,7.6
11,177909,7.6
12,44055492,7.6
8,13399812,7
6,171243005,7.4
10,51700000,7.7
12,53267000,8
2,36144000,6.9
6,38229000,5.7
9,20123742,7.7
6,18990798,6.5
9,598645,7.5
7,141600000,7.4
7,49579269,6.6
2,30177511,7.9
2,13027857,6.9
7,31899000,7.1
3,6321392,6.3
10,69847348,6.2
5,39565475,6.9
4,17985893,6.5
5,17374595,6.6
6,57059003,6.6
12,53977250,7.7
3,8443124,7.3
8,11798616,7.7
3,14568989,5.6
12,25928721,6.5
2,34700291,7.8
7,28733290,6.7
4,25068724,6.5
6,20458340,7.2
1,91666,6.7
5,8345266,7.6
3,18135531,7
7,38625550,7.1
12,38982260,7.1
10,17218023,7.4
8,7137502,6.8
7,34368475,6.9
5,2700000,4.3
4,11806119,6.8
4,989528,4.7
5,13539458,6
5,895904,7.1
11,138608,7
4,3922273,4.6
11,167780960,6.1
4,46616067,6.7
1,13030057,6.6
4,13687027,6.5
2,10006806,7.3
5,57269863,7.2
12,63779477,6.8
2,22026369,6.3
9,1932642,6.1
5,64431625,7.5
4,3960327,6
8,10647219,6.4
3,19674852,6.1
7,6157157,6.9
8,26098824,6.5
10,1293976,6.4
7,20305841,5.5
10,1217084,7.2
10,5835247,6.8
9,1911542,7.2
11,22166041,6.5
10,9689816,5.4
9,14919570,7.6
8,30102717,5.6
11,2415396,7.1
8,7434726,6.1
12,74787599,6.8
7,1228108,7
12,74888996,7.2
4,15073942,6.6
7,107533928,7.3
12,27281507,7.7
5,2502551,7
3,2735731,6.7
4,8359717,6.4
9,18471850,6.7
12,23278931,5.1
5,35113743,7
11,1450029,4.8
2,70906973,8
8,6933459,7.6
11,10340263,4.4
11,31130999,7.5
11,1001437,6.9
12,56505065,7.8
9,464284,6.9
12,83015089,6.2
12,6821850,5.4
3,17626234,7.8
9,18112,5.4
8,7506759,5.7
1,3414301,6.8
5,75609945,8.3
3,37327390,5.9
1,2291255,7.4
6,472370,6.5
6,2372744,6.5
4,345972,5.3
5,11837928,6.5
4,536023,6.1
1,339379,6.1
2,10597759,7.1
11,7138523,5.4
6,1100788,6.7
8,26491793,5.2
6,32212,6
7,4619014,5.5
8,604523,6.7
2,5707094,5.8
2,11486880,5.5
2,41909762,7.7
5,6136856,5.7
8,23499102,6.3
5,60053195,6
3,2581012,6.9
12,17626234,6.1
10,37957682,7.1
5,9586993,7.2
5,51970690,4.7
1,14036005,5
8,16757163,5.9
5,155385488,7.1
1,4390,6.2
5,140464664,6.2
12,91137662,6.8
1,43061945,7.1
5,474544677,6.5
12,89302687,7.4
4,720074,7.1
12,370720,7.7
5,267665011,7.9
4,10920544,6.8
7,176484651,7.1
6,7267585,7.7
3,11578059,4.3
6,26005820,4.3
2,52880016,6.2
12,34562556,5.4
11,66889043,5.8
12,4611784,7
6,1656223,8.1
2,15207,7.2
2,402668,6.5
3,4197015,7.2
4,35268275,3.7
7,16625807,6.2
12,95636509,7.2
1,63366989,5.9
7,155464351,6.6
11,260562,6.4
10,7316658,4.4
10,153629,7
7,138608444,6.6
6,182618434,6.5
9,32534850,7.9
10,369975,6.7
3,60883407,5.7
4,46566212,7.1
6,7002182,7.6
5,3165544,6.5
9,30250745,5.6
1,159668,5.9
8,1055671,6.6
8,12614346,3.5
4,81734,6.9
4,512451,7.3
1,12008642,6.7
10,5204007,6.3
2,15749959,6
12,50715,7.5
4,14254993,4.6
12,471210,6
8,56653,4.8
4,71543427,6.8
4,5408467,8.1
3,18944,8.2
4,54606,6.2
11,160942139,6.1
9,27073640,4.7
1,1478493,8
11,62703,6
5,195065,6.5
1,2329631,6.9
10,1016021,6.9
6,121661683,7.8
4,66818548,6.5
2,48360547,5.5
4,13885966,7.3
1,35746370,6.4
3,8364691,6.3
9,70569,5.4
4,1535286,8
3,5594617,7
10,1239183,6.9
2,411119,6.7
1,1236166,7.2
1,170687518,7.2
7,28442574,5.4
3,2200276,7.9
10,160861908,6
1,13084595,7.6
3,45289,7.5
10,52333738,6.9
9,36906460,7.3
7,40202379,3.4
8,104565114,6.3
7,120277854,7.3
9,32003620,6.5
1,62852,7.1
8,1629862,6.2
9,37762677,6.1
7,51438175,5.9
8,19478106,5.5
9,17790,6.1
12,291710957,6.9
9,13542874,7.9
6,713240,7.6
4,2694071,6.6
5,4283255,6.7
6,16535005,5.4
7,32116746,5.1
9,268461,6.6
6,137355633,6.4
8,109449237,7.1
7,75986503,7
2,71195053,6.5
9,2678691,6.9
10,28212337,5.2
2,3951699,6.9
1,203746,7.4
11,64665672,6.6
9,14426251,6.5
11,56441711,7.3
4,25126214,5.6
7,227946274,6.4
3,402858,6.8
6,124740460,6.9
7,50057,6.4
2,31811527,6.1
1,40222514,8.2
9,241772,8.1
11,180010950,6.6
4,4627375,5.6
2,42674040,5.6
10,707343,7.2
11,42194060,6
9,17266000,7.6
7,251150,6
10,13349927,4.3
11,5972884,7.3
3,47003582,7.1
10,35739802,7.8
9,148313048,7
2,33479698,5.8
5,10310,6.9
2,42930462,6.4
9,1601,7.3
1,98780042,5.8
10,31457946,6.5
9,101440743,6.6
9,113662,7.6
1,76271832,7.3
4,13684249,6.1
2,666009,5.7
8,57744720,6.2
3,27865571,5.5
9,11650,6.3
11,3697,5.9
10,12134935,7.1
12,219614612,4.5
4,21596445,5.5
11,139034,5.7
9,221805,6.9
6,146408305,7.7
1,46742,6.3
7,242212467,6.8
7,251513985,7.6
9,61002302,8.1
4,108085305,5.4
3,467602,7.3
8,169708112,8.1
8,80768,7.4
6,127440871,6.3
6,5790894,7.2
8,1330894,7.4
7,84351197,7.4
10,3237343,7.1
2,70012847,6.4
11,34665,7
6,37519139,5.9
8,56003051,7
1,19019882,7.5
11,18369,6.2
8,97685686,6.1
3,7251073,6.1
6,1987762,6.7
4,1165882,5.2
4,5637066,7
5,172558876,6.5
1,64251541,5.7
6,4010957,6.9
10,48086903,6.8
7,1532594,7.5
11,281723902,6.5
5,107509366,6.3
9,3325038,7
6,544890,6.3
2,78031620,6.1
7,334201140,7.4
1,68372,7.4
3,3759286,7.3
1,22348241,6.3
10,31090320,6.5
2,12314651,5
5,608852,5.9
7,251150,6
11,279558,7.4
4,10970,6.3
10,13302,6.9
10,4702420,6.9
1,35423380,4.7
3,6874837,6.2
11,43047372,6.4
6,1110522,6.1
2,7885294,6.4
4,20591853,6.2
7,252,3.7
1,18095701,7.8
1,81903458,7.2
9,58236838,6.9
4,138614544,7
5,12562,8.2
8,183417150,6.5
3,592237,8.3
10,141843612,7.6
10,5835247,7.8
5,44527234,7.6
3,149260504,7.2
6,5200000,7.6
3,2437000,6.6
7,70334258,6.6
10,45000000,7
9,125493,7.9
6,260000000,8.1
6,50750000,7.4
12,85196485,6.3
10,35000000,7.5
2,22743674,6.3
4,34343574,6.5
12,101300000,6.7
6,54812802,6.7
3,11492915,7.4
12,27150534,6.1
9,12534817,5.6
10,14400000,5.1
4,5979292,6.6
6,90404800,7.5
6,16595791,6.5
12,26186631,5.4
8,40874452,6.6
8,1420355,6.5
4,27398584,6.1
12,12303411,6.8
8,18707466,6.8
10,52293982,7
3,40084041,7.8
12,4711220,3.9
2,277646,7.1
5,4600000,6.9
6,6855137,6.5
3,17185632,7.2
3,4398938,7.8
6,18753438,6.1
3,5228617,6.9
8,3769990,6.9
8,35509515,7.1
6,40050884,6.6
2,18553948,7
7,78222753,5.9
6,5680515,7.2
10,14543394,7.7
12,41292551,6
12,111938388,6.1
3,2692037,6.3
3,31906454,7.4
11,1541218,7.5
8,100047830,7.1
2,10982364,5.9
8,61489265,6.5
12,91457688,6.2
11,2060847,6.6
8,16247964,5.9
11,27931461,6.8
12,2075084,6.7
3,135265915,6.8
6,46704056,6.6
1,88036683,6.7
10,53710019,6.5
2,6742168,6.4
5,1829804,5.4
7,36299898,6.1
1,36733909,7.1
1,8041049,6
11,36948322,7.9
2,3275585,6.6
9,24107867,5.8
7,7266973,7
9,163971,5.9
4,1596687,5.1
12,1007583,6.4
2,527034,7.4
7,37939757,6.4
4,638645,7.3
4,2302338,7.8
11,16928556,6.7
4,65807024,6.8
12,10017322,5.7
12,76594107,6.1
11,106429941,7.2
4,35348597,6.9
3,3730409,5.1
11,6468498,7
12,2684904,7.3
3,12096881,6.4
4,912082,5.3
11,191796233,8.3
9,7929434,6.7
5,12504289,6
11,7343114,6.8
12,33023469,5.9
8,22231658,6.6
10,409144,6.9
10,33447612,6.8
7,9499091,7.7
8,9538948,6
3,24444121,8
8,2491989,4.3
2,6330054,6.9
3,2738980,8.1
11,496059,7.1
1,5980578,7
5,26528185,6.8
5,537948,6.6
8,44862187,7
5,676631,6.7
1,5571205,6.9
4,77910,5.7
12,1798862,5.8
4,61363304,6.2
7,656747,6.7
11,245852179,7.9
11,334319,6.7
8,70087718,7.1
1,56709981,6.6
7,94095523,6.8
12,70187658,6.4
4,28544120,5.5
11,40002112,4.7
3,21521,5.1
3,15164492,6.1
6,206040086,6.6
2,558598,8
8,2092682,7.6
2,5142576,6
2,45512588,7.7
9,359050,7
12,77812000,7.5
6,84056472,6.9
7,156818,7.8
5,5529144,7.7
3,2901447,7.7
11,7504257,7.5
3,37950822,5.6
8,416925,7.1
12,58203105,6.7
7,96520674,6.4
11,517872,7
7,104454762,7.7
6,3313583,5.3
4,26736098,6
10,336620,6.3
11,33236,7.1
7,28082366,6.2
4,91047077,5.5
3,86959,6.4
6,69599016,6.1
1,32551396,5
3,38082712,5.5
5,87044645,7
10,201546,7.5
8,22219192,5.2
12,92770,6.4
1,52802140,6.6
4,216335,7.6
9,647054,6.8
11,139236327,5.7
10,110003217,5.5
9,14307963,3.7
5,20305251,6.3
12,48462608,6.8
4,17871255,5.8
4,16328471,5.5
4,34432201,5.2
2,5001708,5.6
5,133378256,7.3
1,34837,7.6
11,564632,7.5
8,13456633,6.6
9,4670644,7.2
12,60062868,6.3
3,23630159,4.5
12,52411906,5.8
9,17001133,6.3
10,10411980,5.8
9,153859,8.3
10,1985292,6.4
11,173008894,6.9
3,2104923,8
3,18535812,4.3
10,32786074,7.2
7,292137260,7.5
9,82936,6.3
11,13399812,6.2
6,7749851,7.9
12,21009180,6.1
4,3826280,6.4
3,156000,6.7
5,305800,6.4
7,209255921,7
3,97822171,6.8
2,6003227,8
10,684118,8
1,38399961,6.5
10,461572,7.5
9,38432823,7.1
10,241914,7.9
8,32886940,5.3
4,22495466,7.7
7,49034,5.8
2,35374833,5.3
7,58645052,4.5
9,1048950,6.4
10,7022827,6.1
3,7802450,6.5
8,7836393,5.9
8,1060922,6.2
12,82571173,5.5
12,163566459,8
2,14056,6.8
1,4775656,3.8
8,13235267,3.2
4,25037897,7.5
8,70278893,6
7,142614158,5.4
1,49876377,5.9
8,38634938,7.6
1,176647,7.9
9,18445,5.4
6,24146161,7.4
2,13756082,7.8
3,12550605,5.5
9,15084,7.8
2,7800824,7.9
4,5488570,7.5
7,100468793,6.9
12,18317151,6.8
11,35818913,7.8
7,17017811,7.5
9,50659,6.1
8,44089964,6.2
1,2701859,7.3
12,82584160,7.3
4,122082,5.9
8,617334,6.6
10,80080379,6.3
10,53374681,6.5
11,304360277,7.8
8,4886216,6.3
9,70066,6.4
10,75590286,7.6
11,166112167,5.8
10,7013191,4
10,4115,6.5
11,232641920,7.5
12,42779261,4.9
12,30212620,5.4
7,15436808,7
2,10938134,5.8
5,105095,6.3
10,139854287,6.2
12,311434,7.5
1,19075290,5.1
7,52000688,6.4
8,143979,6.7
11,21087,6.3
1,18620000,6.6
3,4269426,6.4
3,137690172,7.4
7,368061265,7.3
8,90288712,5.7
4,103536,6.1
4,6075,5.4
6,1636190,6.7
8,85028192,6.6
1,177802,6.9
5,60522097,4.8
2,700059566,7.3
1,6002684,6.3
8,2432,5.5
9,41003371,7.6
11,83350911,6.6
8,333176600,8
2,44482410,7.4
12,128002372,5.9
3,26461644,6.6
6,65182182,5.7
8,2553002,7.1
6,486295561,7.2
7,22764410,4.2
8,39322544,6.1
4,48390190,6.1
5,9221,6.1
4,27695246,6.5
7,4946445,7.4
12,57682904,7.2
4,63285885,5.4
2,44903,6.7
4,353007020,7.1
5,184296230,6.4
1,91221830,5.9
8,10539326,6.5
10,32381217,7.8
12,2679437,7
4,3400278,6.9
4,141843612,7.4
9,1178196,6.7
4,229094,6.9
2,36880033,6.3
10,84273813,5.4
5,78372,6.7
2,32187017,5.6
12,54117416,7.8
11,1872994,6.9
10,36336,4.9
11,82703,7.3
8,26822144,6
10,208023,6.5
8,67132,6.7
7,702354,7.1
1,12786053,7.2
9,23020,5.7
12,60323786,6.2
12,2653032,5.9
2,177331,4
7,86089513,3.4
12,63859435,7.3
7,2129768,7.6
12,1404061,6.2
6,3448256,7.1
12,100138851,7.8
9,76408097,7.7
6,89325780,7.1
10,53672080,7.6
2,19910002,7.7
2,100214,7.8
9,52223306,7.3
9,102308889,8
12,18344729,7.1
12,86273333,8
11,108981275,8.7
4,32211330,7.3
2,28262574,8.2
6,29000000,5.6
11,39588000,6.3
3,21671241,6.5
12,24946533,7.4
12,27107960,6.5
4,34967437,7.3
5,50427646,6.8
12,26154211,5
3,12376625,6.6
12,35856053,6.7
9,2257307,7.3
5,42313354,6.4
11,24746,7
3,21689062,5.9
9,36403064,6.6
2,18644570,5.8
8,12145169,6.3
6,153083102,7.3
11,4994094,5.5
2,27187653,7.3
3,14972297,5.1
9,9708373,7
8,12952019,6.9
11,390659,6.5
2,1083486,7.4
11,6880310,5.4
6,59735548,7.8
10,32078318,7.1
7,11798302,3.8
8,21486757,6.2
1,34603943,7.8
12,19131246,6
4,10166459,5
7,27545445,8
11,111543479,7.6
5,30050028,6.7
9,58571513,6.8
12,15351421,5.7
11,1132112,7
7,21413502,6.4
6,19740070,5.6
3,1823154,3.9
2,4011793,7.1
8,11541758,7.2
8,54830779,6.3
12,119654823,6.8
3,7788597,5.8
2,5418216,7.1
5,40693477,5.8
2,28590665,5.9
11,173585516,6.8
11,48169910,7.7
10,50752337,6.5
10,3067917,6.5
8,48017402,6.4
1,17957265,6.1
2,799856,7.7
7,63179523,6.2
7,16827402,6.2
5,42614912,5.5
3,24361867,7.4
12,127175374,7.3
12,2332728,8.3
3,16821273,5.5
8,18137661,5.6
12,33683817,6.5
3,38824341,6.7
11,144833357,6.5
2,2079569,7.3
11,9771658,6.4
10,30303072,6.3
3,1400591,7.8
3,23389975,6.6
9,13071518,6.9
1,1026646,6.4
3,19699706,5.2
5,2832826,6
10,7027517,6.1
8,2875086,6.4
7,15094530,5.2
2,560069,6.9
10,3802260,7.3
5,956919,6.4
9,3124440,5.4
5,20080020,5.3
10,26459,7.4
9,660313,6.7
10,1408575,7.3
3,294212,6.4
2,12803305,6.7
4,10580,6.7
10,749741,7.1
9,50935,6.8
12,44229441,7.3
7,450594,7.8
10,5906773,6.4
11,14842388,7.2
10,6492660,6.4
3,12479335,7.3
4,4529843,4.5
5,194201,6.5
4,23047939,5.8
4,49323468,5.5
11,161491646,6.1
11,5078660,6.3
10,22852487,6
11,111549836,7.3
8,3753929,8.1
3,56968902,6.5
2,5878911,6.1
10,40584421,7.5
10,2198044,6.5
4,2172941,4
2,80245725,6.9
6,22753426,6.6
9,35188640,6.6
6,34105207,6.5
9,22912409,7.3
12,135026902,6.8
7,24756177,7.2
5,3146,6.9
11,5596708,8
2,36050230,4.8
5,139692,6.9
3,6291602,5.6
5,56569702,6.9
10,626164,6.5
8,90464773,6.5
1,13305101,5.7
11,36805288,5.8
2,10424470,5.4
10,13572400,5.7
11,289916256,8.1
5,200920,7.7
9,17008282,6.3
7,6946056,7.3
7,747092,6.1
10,14967182,5.1
9,115654751,7.8
12,4725,5.3
8,236185,7.1
12,450594,7.1
12,32598931,6.3
8,38182790,6.8
1,741394,6.4
10,11663156,5.4
7,43061982,6.2
10,3090862,7
9,55001642,6.3
9,378176,6.4
6,145794338,7.3
2,48430258,5.8
2,3095506,5.4
1,97220,6.6
1,213137,6.9
10,16357770,7.1
11,14118751,6.9
8,23124,6.8
10,30113491,5.6
6,45064915,7.5
1,51268815,7.2
1,497208,5.8
11,2063196,6.6
1,56127162,5.5
11,11242801,7
5,735992,6.6
4,7491839,5.5
1,16290476,7.6
2,7564459,8.6
5,104297061,5.6
1,8291572,6.9
7,305413918,8.1
8,19184820,5.4
10,4067,7.5
11,75847266,5.2
8,217201,7.8
9,285585,6.1
5,12264319,5.6
4,46437717,6.3
3,30241,6.6
5,553504,7.5
8,58169327,5.8
11,198000317,6.4
1,192186,5.4
1,5178569,2.4
6,652270625,6.9
5,318412101,7.9
7,176241941,7.7
1,11050094,7.5
7,24540079,8
11,17083732,4.9
4,21845719,6.6
7,35818913,6.8
6,39053061,6.5
1,100492203,8.1
7,63946815,6.3
7,32868349,5.8
4,48006762,6
10,16383509,6.8
4,23637265,7.8
3,11718595,7.2
10,87039965,6.6
8,11449638,3.9
8,45090374,6.4
4,194523,6.5
7,37151,6.8
11,131719,6.2
4,36280697,6.1
11,84500122,4.8
5,2266905,7.8
2,48548426,2.8
3,2912606,7.2
4,25442958,7.7
11,74283625,8.2
6,25612520,5.9
10,53089891,8.5
4,173066,6.1
6,134508551,6.7
5,141621490,6.5
7,43799818,5.2
7,11803254,5.1
4,4502604,4.6
1,6623082,7.1
4,347578,5.4
1,50927067,7.8
4,769726,4.9
6,32235793,3.8
10,13011160,7.6
8,39565475,5.1
4,31720158,6.7
9,92186262,7.5
4,52075270,6.5
3,217581231,8.1
7,7498716,3.6
1,145000989,7.8
5,105269730,6.6
1,22911480,7.3
8,23530831,6.9
10,2926565,6.4
11,3512016,7
6,43337279,4.9
2,51774002,4.3
3,4543320,5
2,5101237,7.4
10,25534493,6.3
11,38122883,6.3
12,6532874,8.4
7,89302115,6.4
8,37400127,7.2
8,14190901,1.9
7,99112101,6
9,58401464,7
8,103068524,6.4
3,400738009,6.2
8,161197785,7.8
7,132556852,6.7
8,24922237,6.4
7,26692846,7.1
10,274092705,7.7
2,55100437,6.1
12,65014513,6
5,89237,6.5
11,77247,6.6
12,63012,7.3
11,5704709,6.4
5,41152203,5.7
12,70259870,7.8
6,100206256,7.9
3,83670083,5.7
12,1879534,7.2
8,150394119,7
1,64508620,7.2
1,3395391,6.6
11,15026056,6.2
1,8110975,6.6
1,26068955,6.1
12,115637895,7.2
3,18007317,5.7
5,233921534,7.9
11,93772375,7.3
3,51872378,6.7
6,113721571,6.1
7,100144,6
7,12795746,7.2
9,18612,6.3
4,23022309,6.2
11,222527828,7.8
6,155385488,5.4
7,1301696,7
1,89256424,6
9,1935539,5.8
5,1436243,7.3
3,3322127,6.7
12,25317379,6.4
4,8821329,5.5
7,336472,7.3
7,71962800,6.4
8,3106530,8.1
7,110212700,6.2
10,705908,6.6
11,109057,7.4
3,14674076,6.8
4,2228951,5.4
8,14440985,6.1
10,35088320,5.7
2,3469224,7.6
4,3351735,6.2
8,4030360,6.6
12,42725475,6.2
8,27383770,6.8
4,151042,5.9
1,40891591,7.8
1,58032443,6.2
9,72679278,6.8
12,2152738,7.3
4,51499,8.2
6,1100000,6.3
12,42779261,6.6
4,11242660,7.5
4,12706478,7.2
9,36764313,8.5
4,1085,7.5
12,58406347,7
4,167445960,5
6,43084787,6.8
6,5050000,7
12,39768000,7.2
5,21700000,7
3,34251525,6.6
12,33833201,7.2
6,81766007,5.8
6,20931111,6
4,30441738,6.8
4,43885000,6.1
4,39946780,7.8
12,14287755,6.7
10,26010864,8.2
9,4309490,6.8
6,44781695,8.4
11,42365581,6.9
12,11099118,7.3
5,18196170,6.8
6,76606280,7.3
3,30036000,7.5
7,7400000,6.4
11,16894678,5.6
3,12049108,5.9
9,4786789,6.9
5,17080167,6
8,4116395,6.1
2,45875171,7.8
5,50612888,6.9
12,75973200,6.1
3,55600000,5.7
5,150415432,6.5
6,4135750,8.2
12,3940542,8
2,138530565,8.1
5,40996665,5.6
6,16209459,5.6
5,40697761,6.6
8,14205021,5.7
5,153665036,6.5
12,51249404,7.2
9,2484230,7.6
12,2063688,7.8
10,14182492,6.7
3,13994920,7.3
4,18869631,6
2,20256975,5.5
8,25816139,6.3
9,8038508,7.2
6,25537221,6.2
7,22433275,6.3
3,15855828,6.1
1,4385516,6.2
5,53715611,5.8
4,1547397,5
6,156452370,7.7
6,251348343,7.5
3,35150960,6.1
6,13741060,6.3
7,34667015,6.6
7,71079915,6.2
7,21460601,6.5
2,29888235,6.3
8,2554476,6.9
12,35419397,6.7
9,1382462,4.8
11,113502426,6.9
9,26255594,6.2
10,25682090,6.2
5,36489888,6.6
11,122006740,6.3
5,21665468,7.1
12,24276506,6.6
10,20883046,6
3,52929168,7.6
2,4651977,6.9
9,14715067,6.9
9,112547,7.2
10,68856263,7
11,6995302,7.1
7,77698625,6
10,32901136,7.7
1,8556940,4.8
8,8016708,5.2
4,32434006,7.8
8,16820893,5.7
4,15240435,5.2
10,3049135,7.3
4,8880705,6.3
1,21006361,6.6
12,141843612,6
6,12267790,6.1
9,8914777,4.5
4,7820688,6.8
4,20016254,6.7
5,28672,7
10,284785,6.1
10,230049,6.7
12,4257354,6.7
4,14942422,5.9
4,3565508,6.6
4,40374,6.8
2,1094668,6
3,2099677,7
1,25836616,7.2
10,38619405,6.8
8,4343227,7.2
4,11242660,6.8
6,181881,7.4
11,8315693,5.6
9,18115927,6.4
12,48102795,5.7
8,3622979,5.7
7,172956409,6.5
5,320319,7.7
4,11438337,4.8
8,26673242,6.6
1,25232289,7
9,48323648,7.7
4,28084357,7.3
4,5936344,6.4
9,64616940,8.2
10,2652246,7.2
6,127120029,6.3
12,1897404,6.6
1,5624282,5.4
8,31407873,5.5
2,83488,6.1
11,12905901,6.5
3,13263993,4.3
4,1171001,6.2
12,101413188,7.2
8,55591409,6.1
8,9623329,6
7,190418803,6.2
12,501818,7.1
2,32547800,7.8
1,22365133,6
9,4555459,6.8
1,13042112,7.3
3,38178166,7.3
2,4912892,7.3
11,48482,7.5
1,6285176,6.1
11,101071502,7.3
11,824295,7
9,292152,2.6
7,91411151,5
2,929606,4.7
8,2205627,6.8
10,13654,6.6
1,362649,7.2
6,113330342,7.2
10,374550,7.8
4,27459615,7.2
10,10155690,4
8,20501,5.6
4,25635682,4.8
2,64186502,5.4
6,144533925,6.8
3,13729742,6.1
1,71509363,7.3
11,317871467,7.6
12,94011225,5.4
8,5007898,5.7
3,4623189,7.2
12,35428675,5.8
9,22448879,6.1
9,22235901,6.1
3,34244097,6.1
10,18244060,6.9
5,41385278,7.1
8,12764657,6.1
12,247948,8.3
1,617403,7.3
4,36105433,5.8
5,792200,7.3
10,4430101,6.4
10,27363891,6.5
11,116750901,7.2
3,343847,7
8,1439232,7.3
10,1492472,5.9
8,3681803,7.4
3,6886089,6.1
3,47938330,5.1
1,10391003,5.7
11,40226215,6
8,25942000,6.3
12,30308417,5.3
9,56878,7
11,2220008,7.1
9,42070939,7.5
11,187224490,6.6
5,120177084,6.1
3,5645298,5.6
12,1082715,7.6
4,51085416,6.7
4,72708161,6.4
1,255364,6.8
8,11989328,4.4
6,1187266,7.4
10,32880591,6.5
5,4398532,7.7
10,61255921,7.2
5,424760,6.7
7,17044981,6.7
2,81612565,7.3
11,9016782,6.2
12,206789,6.4
1,213608,5
5,322719944,6.1
12,16188180,6.2
1,23151529,7.6
10,23844,7.7
3,1173643,7
10,18844784,4.7
9,25799486,5.2
8,57891803,6.5
1,70165972,4.8
10,15962471,6.5
9,48318130,6.7
11,38922,5.7
7,63450470,6
1,30101577,6.4
8,57806952,7
11,34302837,7.5
6,118703275,5.8
1,1308696,6
8,33302167,6.4
3,33741133,6.4
11,127807262,7.1
4,346472,5.5
5,52597610,6.1
10,8794452,4.7
1,37931869,4.6
10,92853,6.6
1,67505,6.5
3,58829,7.2
4,19422319,7.7
8,2672413,8.4
3,32417995,5.8
9,900926,5.3
12,1109660,7.1
5,43945766,6.1
11,188020017,8.7
3,32862104,5.7
8,121463226,7.6
5,1785505,7
4,142666,7.6
9,39263506,6.2
12,148438600,5.5
11,229024295,6.1
12,6008677,6.8
1,34194407,7.6
3,45610425,4.3
4,3573673,6.5
12,5666340,6.2
3,13794835,6.3
10,7204138,6.2
4,58709717,6.9
4,16044025,6.8
10,56746769,5.8
6,116601172,5.5
3,40572825,6.1
3,64003625,6.2
11,16075,6.2
1,25918920,6.4
4,15428747,7.5
10,2377,7.5
9,33601190,6.3
11,657986,7.5
8,194533,7.5
7,6531503,7.1
10,1810078,5.4
4,9047981,6.8
3,6861102,6.3
2,6376145,5.9
10,107100855,7.8
12,13102272,5.7
8,20275446,6.5
8,13843771,7
4,14326864,6
2,54760791,6.3
3,100478608,4.3
8,37053924,6.1
6,1430241,6.5
3,17669,6.1
8,5304920,7.4
3,1714221,6.7
7,29792,6.2
9,12816367,6.6
10,70958,5.9
4,137921,6.5
4,259766572,7.8
8,6334,5.2
5,187112,5.6
8,82390774,6.4
9,87242834,6.7
8,43034523,7.1
2,134506920,5.7
7,208545589,7.6
5,155190832,6.1
1,13769,6.3
4,2627209,7.9
11,400738009,7.4
2,1008726,6.9
2,166167230,4.2
12,8253,5.2
4,37446117,7
1,7696134,5.5
3,60114,7.5
11,248757044,7.6
9,65206105,6.2
11,2341534,7.1
9,127910,7.1
10,1430,6.5
8,35857181,6.6
7,5205468,7.8
2,163577,8.5
2,21333333,7.2
6,21750000,7.7
12,27200000,8.1
1,51081062,7.7
9,879794,8.1
12,111721910,7.9
6,69305181,6.9
4,61749765,7.9
10,29133000,8
6,35377836,6.7
12,156000000,8.3
8,158119460,7.1
8,15014674,5.4
3,11988469,6.6
12,19853892,6.9
6,108185706,6.8
6,31206251,7.1
9,19032261,6.6
7,10853418,6.6
12,47118057,5.8
12,2536242,7.8
2,2120439,7.2
12,17124395,6.5
6,176591618,7.3
3,129000,6.9
2,98467863,7.7
7,24468550,6.9
6,61503218,7.7
6,37803872,6.4
11,5186646,6.4
8,7177431,6.5
3,37191304,7.1
11,11949484,5.1
8,40456565,7.6
4,916172,5.7
7,8033397,5.6
6,115103979,6.1
11,14302779,6.6
1,3751699,4.5
9,19734940,6.3
6,50888729,7.1
3,12706478,6.1
11,28202109,5.7
7,38413606,7.5
4,18875011,5.8
6,241721524,5.2
12,12195695,5.7
1,4611062,5.5
9,14697005,6.4
5,46908987,6.8
11,363561,4.3
7,53208180,6.5
6,103738726,6.2
4,55011732,5.4
8,2938208,7.3
7,86303188,6.9
8,14560247,7.2
7,43001500,6.7
8,8251071,4.4
9,12534961,5.5
9,10555619,7.5
10,44029386,5
5,63270710,6.9
9,44789789,6.4
7,27515786,6.1
8,253311,7.3
9,12324660,6
3,16192320,6.6
1,9914409,7.4
6,422783777,8.5
10,24822619,7.5
2,20982557,6.6
7,1359736,6.3
6,121248145,7.3
12,23920048,5.5
8,63658910,6.9
12,11348324,7.1
11,42512375,8.2
5,100328194,6.2
2,39363635,7.5
9,16140822,6.8
3,2473668,5.7
12,23808,5.2
10,2122561,7
11,8175346,6.3
2,18636537,6.5
1,5711695,6.3
12,3734870,5.3
9,12008376,7.3
2,32417995,6.2
3,4422380,2.7
9,295493,6.8
10,20351264,5.4
3,32772492,5.9
6,12408986,7.4
12,37771017,6.4
8,33459416,7
10,11092559,7.1
7,21075014,6.1
4,56116183,7.7
8,5107669,4.1
12,671437,7.2
4,34767836,5.6
2,2789985,8
8,15064946,6
8,23144499,5.3
10,60944660,7.5
11,206128,6.8
9,16228448,5.1
2,29481428,6.1
9,45950122,7.2
3,500000,7.7
8,10925060,5.2
3,181410615,6.9
4,2007100,6.8
12,101363301,6.3
10,60652036,7.1
2,387069,5.6
3,8363899,3.6
4,12218638,3.2
2,7571115,5.1
6,67638368,6.6
9,141186864,7
7,217049603,8.6
2,12874899,6
4,2856712,6.8
5,380270577,7.6
1,2057193,5.5
4,26875268,6.5
12,34607430,7.4
4,32720065,4.6
7,32589624,5.7
11,38176783,7.2
2,89143175,5.6
2,39240659,7
4,1263279,6
2,541636,5.6
6,102705852,6.4
2,4398989,5.2
1,133058,6.4
12,15540353,5.8
1,2903404,6.8
12,233632142,7.8
5,118907036,6.4
5,73280117,7.2
7,421432,7.9
8,13596911,6.3
8,60786269,5.7
5,3050532,5.9
9,5020111,5.3
3,49894,6.8
9,1053070,6.8
5,198542554,6.2
7,71107711,6.8
2,40077257,5.5
3,309648,7.7
1,19733089,6.8
9,16136476,6.2
6,1084935,5.7
1,6199600,7.4
11,23510841,6.5
8,145103595,6.4
11,13906394,6.2
6,1283356,7.1
8,37904175,6.2
5,3209481,6.4
7,35168966,6.7
6,94060,6.6
9,446955,6.4
8,257412,6.6
1,40311852,7.6
2,9250301,6.6
3,10200032,5.4
10,19161999,6.6
5,8000,5.9
2,9285469,7.9
9,330033,7.5
8,624757,7.8
10,25296447,6.8
7,213307889,6.2
8,549666,6.7
8,6087542,2.6
10,2542020,7.1
8,11689053,7.9
5,42734455,5.5
3,921847,7.6
6,127154901,5.9
9,47726342,6.6
4,14379751,4.8
12,169659,8
7,144801023,7.1
10,75331600,7.7
10,12785432,6.5
6,119194771,7.5
7,1315701,6.3
12,24020403,7.2
3,48022900,6.5
8,22532572,5.5
12,50824620,6.9
3,6303762,7.1
2,27670986,6.1
10,3626883,6.7
6,63313159,4.8
6,2339957,7.3
2,180503,6.1
4,44338224,5.1
2,3083538,7.5
9,346830,7.4
3,70644,6.6
1,83043761,7.7
1,376612,6.9
12,48116322,4.4
5,17326650,5.4
4,74103820,8
5,1415082,6.5
11,175493,7.4
5,60674817,5.7
2,54098051,5.8
9,3178403,7.8
7,77437223,7.5
5,379418,6.9
6,415004880,8.3
9,6377461,6.4
2,11468568,6.6
3,195330621,6.8
8,227471070,8
3,33080084,7.7
9,126714,6.1
12,75030163,5.1
8,59891098,7.8
10,13869515,5.8
3,54149098,6.2
11,4630045,5.9
5,28638916,6.9
12,2706659,6.8
7,22530295,5.2
1,29121498,6.5
4,265198,6.5
4,31483450,7.6
7,180202163,7.3
11,7202,6.8
4,2165188,7
3,3005605,7
6,676775,7.5
1,10597734,4.8
10,6363628,7.1
11,63165,6.2
2,32241649,7.1
6,3531756,6.7
7,17657973,6.5
4,1579146,7
4,54712227,7.5
6,518522,6.8
11,73864507,7.5
10,31487293,6.6
12,116900694,8.2
8,6409528,6.2
8,150201498,5.7
7,196573705,6.9
2,15789389,7.3
8,15122676,5.7
2,44277350,5.8
1,9706328,7.3
3,104979,7
8,9176933,7
3,449865,7.5
5,312433331,6.9
12,209397903,7.4
12,127352707,6.3
3,168226,6.3
8,24046682,5.5
5,165249063,7.2
6,7078738,6.7
2,9489829,5.7
9,17804299,6.3
10,2434652,7.1
7,448139099,8.4
12,292437,7
8,119219978,6.6
6,268492764,7.2
4,89107235,7
7,117538559,6.9
8,56117548,4.3
10,2711643,6.4
9,20777061,5
2,55835,6.1
9,16377274,7.1
9,5284309,6.8
8,129210,7.8
7,1239692,6.5
1,51580236,6.7
3,759,6.1
8,36665854,6.4
8,655802,6.5
1,30932113,5.7
9,6854611,7
4,14100000,7.4
8,18494006,6.6
11,424668047,7.5
5,93436322,6.4
7,641100,7
11,86208010,5.6
6,356461711,8.1
7,78747585,5.6
8,2401999,7.1
11,54445357,6.3
11,15322921,7.8
11,180590,7.5
7,343341,6.1
12,404564861,6.9
7,336045770,6.4
3,98925640,6.5
3,10219501,5.4
7,15160801,5.9
4,3712282,6.6
2,128261724,7.7
10,37473,6.8
9,2500431,6.7
10,102003019,6.5
7,38583626,6.5
4,55804,6.5
8,67790117,6.4
2,30207,6.7
11,2470979,6.5
2,176040665,7.8
4,8025,5.8
5,57890460,7.5
12,7000000,7.2
11,928298,7.5
6,93602326,7.3
10,65955630,7.9
8,91411151,7.4
6,102272727,7.8
10,18177,7.9
6,123276,7.3
12,22774493,6.7
5,7500000,6.7
7,36853000,6.4
12,50000000,8
5,126737428,7
10,3446749,7.8
12,134451603,7.4
10,37799643,7.4
3,51718367,7.4
6,43000000,7.6
2,22490039,7.5
10,30031783,7.3
8,66132626,5.2
2,1729274,6.8
5,5588800,4.9
8,7983086,5.3
4,8400000,6.7
1,3851855,7.6
2,17130087,6.8
5,179870271,7.5
7,25534703,6.8
8,8103330,6.1
10,6551987,6.4
1,11489982,6.3
11,2491460,5.8
10,38371200,8.1
7,32192570,7.2
2,17768900,5.6
8,4940939,8.1
1,2407024,5.6
9,7153487,7.7
10,41382841,6.4
11,2826523,7
4,54731865,6.2
12,486434,6.5
7,14681192,4.6
6,40150487,6.4
3,43184798,6.6
9,16262415,6.9
11,13008928,7.2
8,45661556,6.8
10,4729352,7.3
7,10405394,7.2
2,4134992,5.5
8,10360553,6.8
11,15565363,5.9
10,33691313,5.9
2,7308786,6.7
7,43218387,7.3
4,11657385,6
2,130742922,8.6
11,217350219,8
11,1332110,8.5
3,117727224,7
7,70052444,5.6
7,14110589,4.8
12,46666502,5.9
12,5603158,7
8,1368000,7.1
1,7286388,7.3
2,121697323,7
9,2850263,6.2
1,13273595,4.5
2,25096862,8.1
10,12526677,6.6
10,46405336,6.5
8,11330911,7.3
10,3125424,5.9
1,1700992,7.3
2,1769305,7.7
10,89388,7.3
3,5632086,6.7
2,19623396,6.6
8,7941977,5
3,600200,8
1,3103716,7.2
4,58132,7.4
2,763847,7.9
10,6562513,5.9
2,6159269,7.4
11,75671125,6.6
10,71567262,7
12,6017509,5.9
10,307308,6.4
9,4535,5.2
3,13940383,5.2
11,868979,6.3
3,1032180,7
6,941414,6.7
2,32392047,6.7
1,13681765,7.1
11,340139,6.5
10,1548120,7.6
6,1113103,7.7
4,9255027,5.3
4,838368,6.3
9,17380126,6.2
1,5770254,7.7
6,3486957,6.4
8,5781045,5.4
7,51618,5.2
4,3602884,5.4
2,20050376,5.4
5,50159144,7
6,101117573,6.9
1,11203026,6.1
6,144156605,5.4
4,42071069,6.7
11,10459961,5.1
12,39673162,7.5
8,26682,6.3
2,3600616,4.8
4,1007822,6.3
11,3263585,7.5
7,9161691,7
9,142193,7.9
10,1851761,6.7
9,15738769,5.8
7,55691208,7.5
2,59989,5.7
2,81526121,7.1
6,171091819,7.3
3,57167405,6.5
2,27807627,6.4
8,29762011,6.1
6,1960216,6.6
7,307037,6.3
4,77122415,6.6
6,163479795,6.4
8,6262878,6.2
5,403706375,7.4
6,131168070,5.7
10,3957934,7.3
10,11683047,5.8
7,152257509,5.6
2,39785027,6.6
8,73209340,5.8
8,3204663,6.9
2,5411999,4.8
1,100841,6.6
10,4184036,7.9
4,5108820,5.9
3,24403552,6.1
12,58223861,6.9
1,20069008,5
5,104257,7.1
2,98452,6.5
12,7660806,4.6
4,779137,6.7
8,13023075,5.6
4,6290673,6.2
5,202019785,6.4
6,30915,6.7
2,165092268,6.8
10,13616610,5.2
2,3448233,7.4
4,1157764,7.5
10,26437094,4
3,257315,7
2,19402030,5.8
2,35930604,7.4
5,447267,5.8
6,57743062,4.8
8,7517191,6.7
12,164615351,8.1
1,108638745,7.7
8,226164286,6.7
3,852206,6.8
8,2891288,6.2
12,1642483,6.8
5,39089928,5.9
9,7073251,6.1
1,41308615,7.2
4,11305,7.1
12,661903,6.9
8,32543449,6.7
10,114909,6.7
10,598645,3.6
5,4480744,6.3
8,53710019,7.9
11,60060328,7.1
6,373585825,7.5
10,1328679,6.5
5,47398413,7.2
10,90135191,7.9
4,22918387,6.3
12,288552,7.1
6,445522,7.4
12,33832741,5.8
12,5739376,7.6
2,23106,6.5
11,7718961,7.9
10,74541707,6.5
9,67133509,5.8
8,280351,6
11,707481,8.4
3,673828,6.6
6,72541,7.1
9,26307600,6.5
4,6584159,6.8
11,872252,7.6
6,70831760,5.8
9,10047674,5.8
8,6529624,7.4
6,11536423,7.2
6,2589616,7.7
5,32064800,5.5
9,31504633,7.4
8,23919,7.2
9,17380866,6.2
6,234280354,6.5
10,132384315,8.5
10,22991379,6.2
12,50877145,6.1
7,660561,6.8
10,223202,6.3
2,258578,8
5,16298046,5
3,5971336,4.4
2,1675241,6.4
5,13514,6.5
4,5520368,6.7
7,10525717,6.6
3,9396870,6.9
5,19074800,7
2,30498085,6.3
12,70270943,7.1
12,256393010,7.2
4,80209692,6.8
2,3347411,7.1
3,19661987,7.4
9,306845,7.4
2,83291,6.5
12,37629831,6.8
6,28549298,7.3
2,32645,6
1,93466502,7.4
2,35922978,5.6
4,12062558,6.8
6,12551031,7.4
1,1433319,8.2
7,262030663,6.9
6,64506874,5
10,7873007,6.4
5,293004164,8.3
7,88915214,6.4
10,3248246,6.3
8,35161554,5.9
10,25135965,6.7
9,411746,6.1
7,18097,5.6
8,754301,6.8
11,15634090,5.4
1,24307086,5.4
6,216391482,6.8
8,41034350,5.7
4,31051126,6.7
6,165509,7.4
9,35606376,6.3
11,103412758,7.2
11,21148651,7.3
2,37915414,4.4
3,122523060,5.7
9,5354039,7.1
2,47387723,5.3
8,440627,7.2
6,55007,5.7
9,102427862,6.8
8,86907746,6.1
9,11494838,7
6,346669,7
3,223880,7.3
11,123087120,6.7
10,33700160,5.3
6,5845732,5.6
9,24477704,6.5
4,3600006,7.4
7,32846,6.2
9,346730,6.3
9,60058,5.7
3,10664749,5.8
3,60755732,4.6
8,22272,5.8
2,69179066,6.9
7,368384330,6.5
11,8265,6.2
4,2002036,6.1
10,46889293,7.7
4,172343,5.9
10,72313754,7.6
9,21587519,7.3
4,15709,7
11,2800870,8
12,1479387,7.3
12,3500605,7.5
1,26734,6.8
6,4077333,6.5
4,148225,7.2
4,218080025,7.9
1,200852579,8.2
4,18272894,7.3
10,144738,8.1
1,4108411,8.5
9,44806,6.8
4,2247465,8
3,61123569,6.4
11,1830650,7.9
7,8708,5
12,144156605,6.1
8,708215,7.3
3,14967182,7.3
12,84563118,7.1
12,51079064,6.9
3,25942000,6.3
11,25933445,6.8
9,14363400,7.2
9,44364244,6.9
7,16424918,7.7
2,9000000,5.1
6,70308099,6.2
12,70687344,6.1
6,37121708,7.1
3,67182787,7.5
11,2625716,6.9
11,6855137,4.9
12,43995918,6.7
10,19501238,7.4
4,1515578,5.9
12,9056073,4.8
1,5229643,5.8
7,46509,7
12,21017849,6.7
12,108423489,7.4
1,10600497,7.4
1,20307325,5
3,8430492,7.1
8,2181987,8.1
10,40491165,6.5
6,41410568,7.3
8,23834048,6.6
8,15945534,5.7
6,91258000,6.6
9,1435668,7.7
6,70136369,7.8
6,5794184,7.3
3,43579163,5.4
11,109713132,7.3
1,5715174,5.7
4,43984230,7.7
8,17336370,5.3
2,44793222,6.6
7,30063289,5.1
7,15681020,3.7
10,1189315,6
5,3916303,5.4
10,20047604,6.4
8,1231622,7
11,84614512,7.3
8,33878502,6.4
6,24707633,4.4
9,46836214,8.7
1,13446769,6.9
5,77868585,6.7
8,38120905,6.9
10,394631,7.3
1,5451119,4.9
9,41895491,7.5
1,306319,5.5
12,44235,6.6
1,18476,4.9
12,55956187,6.3
2,26126837,7.4
2,2040920,6.8
7,40227006,5.5
4,277845,5.9
10,7839327,5.7
8,102780,6.5
3,29296,6.3
6,30806194,5.3
3,3783003,5.3
12,15238689,7.2
3,8247627,5.9
8,7294403,7.8
6,173837933,7.7
8,5750110,6.5
2,25588734,6.3
7,56631572,6.9
10,72101622,6.9
2,469571,7.2
11,19474589,5.9
8,13294422,6
3,7603766,6.4
1,5221281,5.4
8,70454098,5.8
3,67659560,6.6
6,171082,8.1
8,50008143,6.7
8,21226204,5.6
1,20109115,6.5
1,9759200,6.7
12,153952592,7.3
2,22754725,5.7
4,10082005,6.2
12,46151454,6.5
10,365284,6.5
7,104636382,6.4
6,33109743,4.5
11,45319423,6.5
1,31480418,5.5
1,1713459,7.3
3,3566637,6.9
5,2377348,6.9
2,5303931,4.4
1,138433435,8.3
11,8038061,7.3
9,63856929,6.4
10,4166918,5.6
9,43700855,7
6,48608066,3.9
1,397020,6.7
2,1897948,7
6,106834564,7.1
5,10680275,7.5
6,3020601,6.7
5,5881367,6.4
12,115821495,6.7
8,23159305,8.1
5,11916661,7
11,29089912,7.8
3,52888180,5.5
7,97403112,4.2
11,30919168,6.7
1,354952,7.4
11,9639390,6.2
3,278492,7.4
7,19288130,6.7
11,6203044,8
8,293506292,8.2
1,21078145,7.3
10,130096601,8.3
7,157019771,6.3
5,21471685,2.5
10,40846082,5.6
10,17872723,6.9
11,14377198,6.5
3,1871025,7
8,16534221,6
8,25543895,5.9
12,183417150,7.7
9,352296,7.2
3,13558739,5.3
8,56618055,6.5
11,304909,6.7
3,176387405,7.5
1,41076018,6.2
2,41675994,7.5
10,4059680,6.9
5,67355513,7.2
12,32130627,5.9
11,13031,7
5,441226247,7.3
3,3663356,6.4
3,25268157,6.2
5,17781006,7.2
11,101149285,4.1
3,400948,7.4
5,63536011,5.4
8,3707346,6.4
8,777129,7.8
9,51970690,7
12,111127263,7.8
9,4601043,6.8
11,85336277,6.8
6,30940691,5.3
6,81001787,7.8
10,44585453,7.7
2,65111277,5.7
2,14161590,5.9
11,27011180,6.5
8,73060,6.4
6,5576743,8.2
4,712275,6.5
12,58236838,7.3
2,14470947,5.3
1,553368,6.7
12,7372734,7.3
12,4017609,6.8
12,110332737,6.2
5,82931301,5.5
3,1310470,6.7
8,44540956,7
1,56386759,5.5
1,51100486,5.9
3,36351350,5.6
3,61123569,4.4
1,15539051,5.9
1,12712093,6.7
10,52597,6.9
3,107509799,7.6
3,1023424,7.2
5,336530303,6.3
7,302089278,7.6
8,15074191,5.9
11,31558003,7.4
4,13368437,5.8
8,1531154,7.7
7,8117961,7.4
11,1007943,6.7
12,63224849,6.9
10,40689393,5.3
3,326876,7.4
10,9793406,7.2
9,23380495,5.2
10,8161,6.2
3,21471047,6.2
1,39739367,2.4
6,134806913,6.6
4,1294919,6.5
2,4445756,8
5,55250026,5.8
9,742349,7.7
11,25594957,7.1
9,60355347,7
11,46060,6.7
2,677914,8
2,93953653,6.4
5,2345941,6.7
1,31841299,7.5
10,94514402,3.9
3,67061228,5.5
1,7689607,6.8
7,23186769,5.8
11,192769854,5.3
5,481586,6.4
3,15541549,7.2
3,2222862,7.8
12,18334,8.5
4,6671036,7.4
7,250618,5.8
1,242578,7.4
3,123477607,7.2
9,75605492,7.6
3,79249455,7.4
10,1738692,7.5
7,28468,5.3
5,95347692,4.5
8,857005,8.4
12,38362475,6.2
10,90777,7.7
1,757195,6.1
6,162001186,6
3,62495645,7
6,68224452,6
6,382946,6.9
1,134938200,6.1
12,237301,6.4
10,1321194,6.9
2,66380662,6.8
12,16311571,6.3
10,8305970,6.3
10,17742948,7.9
4,1008455,5.8
6,47047013,6.8
9,42345531,5.3
10,92054159,8
9,61433527,7.1
11,14431633,7.3
3,2328743,6.9
11,337135885,6.6
6,150275,7.3
11,5775076,5.9
5,4876,6.1
1,13235319,7.4
4,71906,6.3
2,30697999,6.2
1,350126372,7.3
10,16973715,5.4
6,44672764,6.3
3,51183113,6.4
12,1075178,5.9
2,645418,6.6
4,24296,5.8
9,7192291,5.3
9,169700110,6.6
5,4571,5.6
4,144501,8.1
2,59700064,5.7
9,42297,7
8,28370522,5.5
5,408084349,7.8
10,1343349,8.4
1,51738905,8
6,115840,6.9
6,55124043,6.3
8,12008642,7
2,25138705,7
2,23665,5.9
8,1502347,7.1
1,67745330,5.7
11,11962778,6.5
2,184925486,7.6
11,20408163,6.7
7,2080321,7.8
10,4335968,7.5
9,32000000,8.5
1,12368234,7.4
5,15000000,8.2
3,51264000,6.5
6,638641,7.9
5,18999718,6
8,23649127,7.5
5,18600000,7.3
8,112892319,7.4
6,31800000,7.8
8,2483472,7.3
7,86432000,6.2
3,8750000,6.8
7,58853106,5.8
7,12000000,7.4
4,15965924,5.8
3,16000000,5
7,63456988,7.2
12,150157400,5.5
6,248159971,8.4
11,6455330,7.3
9,10219460,6.4
6,34725000,6.6
5,38682707,5.8
12,38348988,5.5
3,81198894,6.7
12,6770587,5.8
8,25308147,5.9
6,76113124,6.7
2,20603715,6.7
7,36230219,6.2
4,2347000,6.9
12,11957943,6.8
1,1953732,5.4
3,5900000,7
6,13723253,7.3
6,49851591,6
10,140980,5.2
3,8200000,6.9
12,1301121,6
8,2510433,5.4
3,16337355,5.1
10,2585639,7.2
7,51185897,6.7
10,213901,7.3
11,18924919,5.4
2,34670720,7.6
2,17637950,6.9
10,17768757,5.8
12,12090735,6.4
3,289323,6.2
11,22103037,6.3
6,95860116,8.1
1,106593296,7.3
2,20021322,5.1
10,11604598,6.2
2,18699037,5.8
12,63408614,6.4
11,28501605,5.9
11,184208848,8
4,4873620,7.3
12,47789074,4.6
2,15645616,6.2
10,19438638,5.3
5,17218080,5.7
7,4102526,5.9
4,2641357,6.9
12,2015810,7.7
6,165493908,6.9
6,336396,6
8,29000301,5.3
7,58662452,4.9
1,20146880,7
9,2832029,8.3
4,17180393,5.1
12,5795524,7.8
2,40903593,7.6
3,19885552,6.5
8,183875760,7.8
5,2019581,6.5
8,24760338,6.7
7,22549338,7.3
2,27979399,6.2
8,7266383,7.4
10,6110979,7.7
7,11585483,6.5
11,1319521,7.3
4,11391093,5.2
10,6841570,4.2
3,1573411,6.8
12,11300653,5.2
11,108385533,6.4
11,60079496,6.8
8,9685976,5.7
6,184069126,5.4
2,23440188,6.5
7,35656131,6
8,3487767,6.8
2,36853222,6.4
9,16115878,6.4
2,4005941,6.6
4,382928,7
12,529766,6.7
11,919671,6.5
1,9871065,5.3
9,15134,5.6
2,38824099,7
8,58620973,5.8
11,41083864,6.6
4,21686547,5.6
11,36461139,6.9
11,90418342,6.5
8,21440752,5.9
6,375805,2.9
5,34673095,6.1
2,19868354,7.2
8,14515490,5.4
11,92977226,5.3
10,12532777,7.7
4,1940299,5.6
2,5710,7.8
8,4714658,6.3
1,572433,6.5
7,29022252,6.1
2,2372903,6.3
7,661465,5.6
6,125618201,8.2
2,36400360,5.9
3,13692848,7.1
10,31602566,6.7
10,12069719,4.9
9,23245840,6.9
4,19221939,4.5
10,55382927,7
3,106885658,6.7
7,1126506,7.6
9,7302522,6.4
4,299569,7.4
10,37030102,8.8
1,52894169,6.5
10,2005840,6.2
4,15070285,7.6
5,2933161,6
1,187152,6.2
9,264292,6.7
11,125305545,5.6
6,70334258,6
10,7220243,7.9
4,59623958,6.8
1,28912646,7.3
1,22455976,8
12,71583916,7.4
1,46737,7.3
12,69243859,5.9
3,35046120,5.6
5,17266359,6.6
10,1015122,7.2
12,9183362,7.5
10,872091,7.4
5,25544867,8.4
8,61334059,6.4
7,30354442,3.9
1,55835,5.8
4,7267307,6.4
8,108248956,6.4
11,21995263,7.7
8,4467615,6.7
8,116934650,6
11,62362560,7.1
7,3288164,7
10,119664,5.3
1,81172560,5.2
9,1012153,7.9
7,3065921,6.8
2,7007149,7.7
12,279261160,6.3
10,26485,7.5
4,135645823,6.2
8,732393,7.3
6,1587173,7.1
10,49443628,7.1
12,93354851,6.1
8,10130108,6.7
4,13562325,4.8
4,57231747,6.3
9,41196,5.4
1,12195626,6.1
8,20698668,5.3
11,6177192,7.5
9,2110589,6.9
3,365727,7.3
6,1270904,7.3
12,42726869,6.4
8,47000000,6
8,30610863,5.8
5,2380788,8
10,7535331,6.7
9,25514517,7.8
1,45806659,6.5
10,110359362,5.9
1,47144110,6.6
1,20040895,6.3
9,7221458,6.1
12,52898073,7.3
1,47403685,7.5
6,100462298,5.4
11,62658220,7
4,24793509,7.5
7,28142535,5.8
3,18597342,5.4
1,12899867,7.6
11,82280579,6.3
5,654132,5
11,64038616,7.1
4,95020213,7.5
11,124987023,7.9
6,49438370,5.3
6,80197993,5.9
1,42754105,7
7,75628110,5.6
8,137221,6.4
6,60922980,5.5
4,53760,5.7
12,202647,7
3,7057600,6.2
5,123789,6.8
1,31847881,6.9
12,250863268,6.5
4,148292,7.8
5,663,5.6
3,22537881,5.9
2,179780,7.2
6,47365290,6.7
3,32010860,6.4
9,1755212,7.7
6,9176787,6.6
11,174945,6.9
10,8744,8
5,53032453,6.5
12,303003568,7.8
12,217326974,5.2
6,100018837,5.6
3,36392502,6
9,26593646,6.6
1,52076908,7.5
3,1373975,7.2
1,28644813,7.1
6,1498210,8
6,49200230,7.3
2,17223265,5.5
10,40962534,7.1
9,33456317,6.4
4,10095170,7.8
4,1978592,7
3,58009200,7.3
3,515905,6.3
3,138447667,7.2
11,83504017,6
7,4417674,7.8
1,46000903,6.7
4,60457138,6.4
9,869838,7.4
10,112036,7.5
5,46412041,7.2
1,518017,7.4
12,174340174,7.5
10,1710,6.2
1,12050299,6.3
2,28848693,4.7
6,17186,6
1,44671682,7.9
4,512245,6.5
4,480811,7.3
2,71349120,6.6
10,203373,6.1
8,100616,6.2
10,104028807,5.8
2,11682205,5.9
12,87044645,6
8,68559554,5.7
7,38543473,5.1
9,7241350,8.1
10,8008161,5.6
5,150157400,6.3
5,2062027,7.4
4,34694,6.3
4,796368,6.1
7,41189488,6.4
5,45852178,4.7
9,101157447,7
11,209726015,8.4
3,33078266,6.5
3,90411453,6
6,54730625,6.5
7,59165787,5.9
9,7057600,7.8
10,58697076,6.1
9,51342000,7.1
5,36261763,7.4
8,12695691,5.7
7,79213375,6
5,55455765,5.7
2,114581250,4.6
6,4267218,6.3
4,226008385,6.6
11,51570,7.4
5,16071990,6.4
5,73121,6.1
4,5017246,8.4
7,42873127,7.5
4,188024361,7.5
8,49275340,7.5
3,1236166,8.3
12,155385488,7
4,1826108,8.3
5,136314294,7.5
6,460226,8.1
10,752045,8.1
9,1677,6.9
3,39123589,6.1
6,60922980,7.5
6,36145695,6.7
5,20424259,7.2
10,10432366,7.3
10,9709597,7.2
8,24058838,7.4
2,6400000,5.9
5,23667907,7.6
2,7742572,5.6
3,14000000,7.7
3,36299720,7.6
10,17233166,6
11,6333135,4.2
12,67642693,6.6
12,30503151,6.3
9,51973029,8.4
6,7840873,6.2
9,441137,4.5
11,127873716,6.9
10,9085049,7
2,25205460,6.4
3,36611610,6.3
12,42724017,6.8
7,7433663,5.4
5,179800601,6.9
6,22257624,6.2
9,156645693,6.9
10,1012153,6.1
10,25216243,6.3
11,1562749,7.2
2,882290,6.3
10,5194491,6.1
4,43047372,6.1
6,34994648,6.1
11,420813,8.6
8,7467504,6.6
1,3468572,7.2
8,19652638,6.9
3,16278590,6.5
4,7723506,6.2
3,2420917,6.2
10,33810189,5.6
8,66758538,7.1
12,10555348,6.1
9,1054638,7.4
12,15691192,5.6
2,1382259,6.1
10,11567449,6.3
2,5585154,4.9
2,485772,5.4
11,61276872,7.8
10,15379253,6.4
4,11060485,4.5
3,11336986,5.8
3,24277858,6.4
2,28862081,6.7
7,205881154,8.6
5,63707829,7
1,34793160,6.7
1,17129026,5.4
3,1862805,7.2
2,662341,6.9
7,20006730,5.6
10,43440294,7.2
11,175340,6.8
9,7306242,6.3
1,63095253,8
2,11502976,7.4
12,53443066,4.9
8,16589540,7
6,50016394,6.5
6,126808165,6.8
5,36300000,5.1
8,1029721,6.4
10,19306362,6.4
7,7182747,4.5
3,1608570,7.9
12,38087756,5.4
12,33423521,4
7,146282411,7.3
8,10426506,6.6
7,37600435,6
7,30077111,5.1
4,17014653,4.3
7,24670346,5.2
6,8367636,7.4
3,228800,7.5
8,23341568,8.5
12,67052156,6
1,2042530,4.8
5,516349,4.9
9,21576954,5.8
4,24611975,8.1
7,17193231,5.4
3,4939939,5.3
7,26570048,5.9
10,21302121,5.5
5,5656388,5
1,3692836,6.2
11,46351345,6.7
5,26960191,5.3
7,108766007,7.5
3,2465960,6
9,27873386,6.9
1,5684789,7
8,1935539,5.2
11,118475,6.3
1,6944471,6.7
7,39371,5.9
7,56117548,5.7
1,19870567,5.9
1,12017369,5.5
2,2007290,7.1
6,1338335,7.1
6,18542974,6.8
6,25605015,6.5
2,17105219,7.6
11,40981289,6.4
8,10672566,5.4
8,14011454,6.2
9,6217849,7.3
11,1267239,7.2
4,74078174,6.4
3,55973336,6.1
7,26483452,6.7
11,260044825,6.3
1,178095,6
1,50699241,7.6
12,4775847,7
3,15506764,5.7
1,8293784,6.9
9,1443067,6.8
1,91057006,6.2
8,82378,7
10,592586,7.7
10,11715637,6.1
12,33022767,4.9
9,18150259,5.8
12,2036682,5.8
12,1203794,7.3
6,251444,6.7
5,4544753,7
9,307233,6.8
4,71646,6.6
2,18990798,3.1
6,24770,6.1
5,69958,7.2
8,241438208,6.6
7,93607673,5.7
11,1435016,6.6
10,28811,5.3
1,92723,6.1
5,1300682,7.6
9,30307416,5.7
2,1418314,6.8
3,31273922,7.1
9,50547998,5.4
11,262233983,7.4
11,5853194,6.9
3,31186896,5.5
11,1266828,6.9
4,231879,6.7
1,46961214,6.2
10,316319,7.4
9,136170,7.5
11,261441092,8
8,533569,5.3
5,1615328,7.4
5,155019340,6.7
6,42000000,5.8
1,21215059,4.1
3,337265,7
3,84216833,5.2
3,201149,7.3
3,34639939,6.5
2,64378093,7.4
2,46752382,4.2
2,75976178,7
9,148959,7.4
4,17108591,7.7
3,4835065,6.2
3,76231249,5.4
2,58360760,6.5
6,206445654,8.1
7,73661010,6.6
10,77233467,6.7
10,56000369,7.6
5,120620,7.2
4,4008527,4.4
3,24402491,6
9,24149632,7.6
3,73078100,6.6
2,5463019,7.5
8,148213377,6.6
8,18670946,7
10,6408,7.6
1,56131,6.2
3,25881068,4.6
8,26024456,7.2
10,4299773,6.7
10,69136,6.7
4,59843754,5.5
1,51386611,6.5
4,34742066,6.6
6,1926800,6.6
6,412563408,7.4
11,49554002,6.6
6,62514415,6
8,25003155,5.5
9,594,7.6
1,6566773,7
3,216839,6.7
10,47642963,6.8
10,244397,6.1
12,848,6.2
10,37327390,6.2
11,2863,4.6
10,39394666,7
4,318574,7.1
2,61979680,5.8
7,33618855,5.6
10,20211394,6.7
9,15298133,5.3
9,11892415,6.2
8,4218,3.6
10,56280355,6.2
11,168368427,6.6
8,102491776,5.2
6,4033574,6.6
1,356019,7.1
11,9046156,7.7
1,76808654,6.1
5,240159,7.2
5,80277646,6.1
12,132092958,7.7
9,57468,6.9
3,3766810,7.5
12,21443494,4.9
6,47059963,5.4
6,277322503,7.7
8,7460204,6.7
9,16204793,5.5
3,12234694,5.6
4,25504513,5.2
10,107918810,6.3
4,1413480,7.9
8,7638241,7.1
9,2388804,7.4
4,11242660,7.3
6,100292856,5.6
3,20255281,5
9,544890,7.5
1,8840453,4.3
8,1008098,7.6
9,1095369,7.1
3,19068240,7.1
5,228778661,7.7
9,25124966,6.4
5,169106725,6.8
6,327716,6.7
5,3030848,7.1
1,18335230,7.5
11,21393620,4.5
3,68945,6.8
4,54009150,6.8
10,27367660,5.9
4,91547205,6.5
3,5571497,6.4
10,37520095,6.7
2,34030343,6.4
6,32363404,6.5
7,376512,3.8
6,155332381,6.1
12,67544505,6.2
2,22836,6.8
11,17782178,5.6
3,31569268,6.8
8,92181,5.3
9,2540106,7.2
3,150947895,6.6
1,35593113,5.9
12,9572,5.8
3,101200044,5.8
8,17237855,6.7
9,2159041,6.3
4,18704595,7.3
1,316199,6.6
6,22549338,7
7,84525432,4.9
12,83301580,7.5
3,7779614,6.6
10,44137712,7.2
5,41012075,6.5
10,9740,7.2
1,34916787,5.2
8,257706,6
4,131538435,6.3
7,195042377,7.4
11,30664106,6.3
4,33307793,7.3
11,35893537,7.7
6,110825712,7
1,1671377,7.8
12,2703296,7.3
5,155442489,6.9
7,64063008,5.7
7,146880162,7.4
1,47836282,4.2
7,5879736,7.8
1,921974,7.5
7,55483770,6.3
3,168052812,6.7
9,57027435,5.6
4,678815482,8.4
7,153440,7.5
12,10663357,7.5
8,500000,5.5
9,21460601,7.5
11,12816367,7
11,487391,8.1
6,79091969,7.7
12,63595658,6.9
2,26589355,8.3
6,9043472,6.1
11,79666653,5.9
6,189969103,7.2
7,9346177,6.3
7,7206220,7.1
7,14796236,5.3
8,12480249,6.4
12,15782759,5.9
5,19910002,5.9
11,20605209,7.9
8,29309766,6.2
8,760883,6.5
8,1723872,8.2
6,33759266,5
10,8801940,6.8
5,47951979,7.4
11,29426,7.7
7,17005229,7.3
11,29999213,5.4
6,26657534,6.7
7,6948633,5.1
1,22905522,6.3
7,32324557,5.9
7,46357676,8.3
11,20419446,5.2
12,4615255,2.2
8,5669831,5.5
10,3838793,5.5
1,70001698,7.2
8,18671317,7.1
6,112494738,6.6
4,6291444,6.8
12,66666062,7.6
9,5728953,5.9
11,26118851,7.4
2,21036771,5.4
2,8862354,6.5
2,5820015,6.3
10,8211952,7.1
11,79091969,7.3
3,34416893,7.2
6,33669178,6
9,15618626,7.4
5,15012935,6.4
4,5136759,5.6
10,1277404,6.3
7,11128309,4.9
2,242623,7.5
8,14960255,5.2
7,16270600,6.9
7,4096030,4.7
10,5471088,7.5
3,2827107,7.1
8,21370057,6.1
5,1723319,6.7
11,48919043,6.8
3,9745803,5.7
5,84049211,6.5
4,13609396,5.8
2,41833324,6.9
5,4858139,6.1
8,3283371,6.5
1,18994653,6.1
7,4630377,6.6
8,20164171,6.6
5,13642861,7
3,27058304,6.2
1,19281235,4.6
9,46816343,6.5
10,8647042,5.9
4,14815317,6.3
6,71516617,7.6
6,81022101,5.3
12,670727,6.8
2,34244097,5.9
9,7024389,6.9
5,10015449,7.6
5,11079373,7.3
7,60074103,5.9
7,50024083,5.5
5,4569019,7.4
5,3793614,3.5
8,3011195,6.9
12,285112,7
2,20340204,6.2
10,22955097,5.5
9,105489203,6.4
1,13323144,6.7
6,100138851,7
5,1875527,6.6
8,27663982,4.5
8,1356329,6.3
4,2654308,6.9
7,25023434,6.9
1,3675201,7.6
4,4555020,7.2
8,16491080,8.1
9,332597,6.8
7,105263257,5.5
1,1677131,5.7
2,125397,6
10,22459274,6.3
10,14594226,6
9,10319915,4.8
10,167435,8
4,3572443,4.7
11,9898412,6.3
9,3121,7.1
9,250147,5.2
8,317422,7.6
11,100494675,5.9
12,81298265,7.4
4,87704396,6.3
7,31770414,5.8
3,16649768,6.6
9,92113,7
2,10827810,7.6
5,6180200,7.5
10,30636478,5.2
10,34102780,6.7
9,40222729,6.4
7,140539099,6.5
4,4781539,5.7
2,57262492,6.7
11,94591,7.3
9,12178602,6.9
9,688523,7.2
4,466664,7.3
3,112719001,5.6
3,638227,7.3
3,1328815,7.6
10,50294317,6.8
5,258771,7.1
5,306567,7
2,105813373,6.5
1,103863,5.3
4,13110448,7.2
11,15667270,7.5
1,16007718,7
5,4850753,6.5
3,314729,7.5
8,14018296,6.4
10,4777465,6.9
9,1011871,7
8,227966634,6.8
2,19955598,7.5
10,25581229,6.4
11,267907,6.7
8,35667218,5.6
9,254683,6
9,75782105,6.3
12,63860942,6.5
4,12251640,6.6
10,41088845,6.5
5,242829261,6.8
10,10249719,2.1
5,106128601,7
2,227986,6.4
4,42071069,6.2
1,17071962,5.6
8,1117864,6.5
3,3783,7.2
2,12512886,5.2
3,128200012,6.4
4,54702,6.3
9,2041014,6.3
9,9055921,5.1
5,3297137,6.3
4,18761993,6.8
10,26850426,6.3
8,95170481,5.8
7,101704370,5.8
10,13109815,6.1
4,1341332,7.7
7,5820649,8.1
8,36323505,6.4
8,28544157,7.5
9,22545080,5.6
2,36006,6.7
1,67264877,7.3
12,19398532,6.3
11,63946815,6.1
9,85105259,6.1
1,15281286,6.4
10,37770162,7.2
1,17127992,5.8
11,40660952,7.5
11,163561,7
12,627047,7.3
1,888975,5.5
4,13569248,7.5
3,23086480,5
12,103365956,6.6
6,69705,6.5
7,20361,6.4
12,57377916,8
1,47326473,5.9
9,969869,6.8
9,101530738,7.2
5,3093394,5.4
5,1005539,6.3
4,15233,4.7
4,7191830,5.5
1,17510118,7.4
12,66661095,7
3,47852604,5.9
2,45060734,5.9
2,35193167,6.4
8,19185184,6.2
3,10915744,6.4
2,6575282,5.2
6,117154724,6.9
2,50572589,6.5
11,130164645,7.8
8,30691439,6.1
12,80070736,7
8,9534258,6.7
5,133375846,6.7
1,60022256,5
10,4444637,6.9
1,28596818,6.3
11,21488481,7.5
12,19806188,4.7
6,240239,7.2
5,224169,6.6
1,274661,7.5
10,13848978,6.9
6,8665206,5.9
8,27779426,6.1
11,15002854,6.2
5,238736787,6.3
1,58715510,5.5
1,8050,6
6,9439923,7.8
10,312751,7.8
7,126643061,6.2
7,131772187,4
7,118311368,6.4
12,110101975,6
4,17432844,5.9
8,15515460,6.5
5,57046,7.1
9,52474616,6.2
1,125095601,7.5
7,944933,7.7
8,94125426,7
12,258366855,7.8
2,12574914,7.3
12,83823381,7.4
11,88631237,7.1
9,60128566,5.8
7,80360843,5.2
11,100539043,6.5
6,93051,6.2
10,551697,7.5
2,37300107,4.8
7,35353000,5.7
11,707481,5.8
5,254464305,6.5
5,1188194,7
7,1436900,7.5
6,126477084,7
9,666557,7.2
2,4168528,6.8
3,504030,6.7
3,37662162,5.4
8,93050117,6.6
2,125014030,6.8
3,75143,6.2
6,218815487,6.9
10,45290318,6.4
8,50701325,5.6
12,37134215,5.8
6,252603,5.5
11,30668,5.7
1,3909002,7.2
12,150117807,7.2
12,162805434,8.5
7,83028128,6.4
4,4105187,7.6
10,6263670,6.9
12,91125683,8
6,245439076,5.6
7,133668525,5.4
4,25423,6
1,143528619,7.1
4,4719695,6.3
11,258237,7.2
5,4069826,7.4
7,258384,7.1
11,200074609,6.8
11,38322743,7.5
11,373605,7.1
2,162685,7.1
1,16971,5.7
8,19375982,7.3
10,84464,6.8
10,130152,8.1
12,42606,7.1
1,14044,6.8
10,3494070,8
6,82051601,5.9
7,490643,7.6
5,1329249,7.8
12,48958273,7.4
3,22936,6.6
9,16008272,7.8
9,12376625,7.4
9,2844379,7.5
7,40456565,7.1
6,66308518,7.2
1,14500000,7.9
3,7712114,7.3
10,23562716,7.5
5,60541301,8.3
5,44785053,7.8
7,12348905,6.3
4,15700000,7.4
12,20972000,6.7
4,620155,7.5
9,2783840,6.8
12,26414658,6.4
10,74865517,6.1
3,22228000,7.3
9,22482952,7.1
6,46918287,6.4
2,11487676,8.4
4,14905359,6.3
2,119285432,7.6
6,85297000,6.8
7,21667789,6
8,21156152,6.1
4,92921203,6.2
6,59950623,5
6,79567667,7.1
6,31042035,5.9
2,80035402,6.6
3,76572238,6.9
3,69821334,6.3
5,40833132,6.5
8,24922237,7.1
6,11603545,6.1
4,10631333,7.7
11,23717291,6.2
10,12361866,6.4
8,33086611,6.1
10,3272593,7.4
10,8988731,5.5
10,1261000,6.6
2,28607524,7.4
10,27820000,5.3
8,13110903,5.9
8,17685307,6.5
11,1988962,5.6
8,12423831,6.5
3,55572,7.2
11,12396383,6.4
11,4572845,6.3
11,33244684,6.7
11,8578231,5.7
7,5344577,6.2
4,3587303,7.4
7,7282851,6.4
9,2835116,7.6
10,15942628,5.8
6,16093651,4.4
2,241278,6.6
4,57469467,6.5
2,792966,5
12,5820020,7.5
9,34872033,4.7
7,69467617,6.7
12,70405498,8
12,59509925,7
7,20246790,5.9
5,1543112,7.1
10,21413105,6.9
3,115103,5.6
10,7191399,6.4
10,25792310,6.7
1,9493259,7.5
7,58422650,6.6
5,144731527,6.7
7,2034470,5.3
6,57138719,6.4
10,11146270,6.2
4,106614059,6
4,5145823,6.5
8,3335984,5.4
9,23032565,6.5
7,2405285,5.7
9,10622,7.1
10,18272894,6
3,16453258,5.3
3,15119639,7.2
9,3062530,6
10,1316865,6.1
5,6243722,6.7
3,684351,4.8
1,163145,7.6
12,1110104,6.5
9,15116634,4.7
3,12201255,5.3
6,34693481,5.6
8,13406717,4.7
5,15453274,5.3
10,31738,6.4
6,141579773,6.7
11,8289916,5.1
10,21284514,6.8
1,57141459,8
11,9206470,7.1
5,8008255,5.5
3,2420162,4.9
4,28946127,6.7
11,60592389,5.7
11,136492681,6.7
4,12816367,6.2
10,26400640,7.9
3,1294919,7.5
1,26420672,6.8
10,4366722,6.3
3,192769854,6.2
12,3799185,8.3
11,14328,7.2
1,11538235,4.9
11,6719864,8.5
11,6451628,7.3
5,136314294,5.4
12,136801374,8.6
9,907996,6.6
5,215409889,6.1
2,36850101,5.1
4,18912328,6.4
9,5502773,6.7
5,14401563,6.9
5,310676740,6.6
4,32722798,6.9
1,57545092,7.4
5,14902041,7.3
5,137748063,6.4
8,8951935,5.3
9,2205339,7.4
6,254441,7.3
9,12811858,4.6
3,12597,6.3
10,2807390,7.7
11,58856790,6.4
7,6201143,7
5,9017070,5.3
3,11540607,7.5
1,124115725,7.6
8,16025437,6.1
10,3043284,7
4,1079108,6.9
8,41821986,5.1
10,21974919,6.6
1,35552383,7.9
10,1565852,6.7
6,78616689,7.2
1,11328094,6.1
4,52990775,7.5
3,148479,6.4
8,96522687,7.6
8,19753553,5.1
9,4342203,6.7
1,11260096,7
1,29831583,5.4
7,93385515,5.1
5,1452698,7
5,29760152,5.8
9,4160475,7.2
5,52775765,6.7
10,228194,6.1
9,1012069,7.5
3,12988801,7
2,30323400,6.1
8,15550605,4.7
1,36381186,5.6
5,40007742,5.7
9,96269,7.4
8,454736,6.4
10,6532619,6.6
2,60476872,6.2
8,40390647,5.7
1,2591,5.6
12,35081594,5.5
3,170000,8.5
9,3212310,6.3
5,134029801,6.9
8,4890878,7.7
4,6130049,4.8
8,8725813,5.8
9,127035,6.9
3,34400301,8.3
6,3681066,6.7
8,32014,7.5
3,468867,6.8
3,4434432,6.5
7,58202,6.9
4,90710620,5.1
2,17018422,2.3
1,26890041,6.2
10,782383,7.1
7,16809014,5.1
3,4593598,8
11,167445960,8
10,39568996,6.6
11,36024076,6.6
6,480813,4.8
3,68820,5.8
12,275380,5.3
10,36787257,5.8
3,5128124,7.8
2,11036366,7
11,10144010,7.2
7,319246193,7
4,11052958,6.4
10,1151330,7
4,26418667,6.8
9,872252,7.6
11,31664162,7.4
11,67294270,6.8
10,21448782,3.7
5,1822428,7.1
11,182207973,7.3
3,118594548,6.3
12,8050977,5.9
7,42285169,5.5
5,1534584,7.7
1,36605602,7.6
9,19528602,5.9
7,535234033,9
5,7025810,6.1
2,688529,6.5
5,39046489,5.8
12,43545364,7
12,28544157,7.1
9,476270,7.3
6,16123323,5.6
7,144169664,6.5
1,973018,6.6
2,110485654,5.7
10,486767,6.6
5,404122,6.5
8,15743471,7.6
11,8117000,7.2
3,46026,7.1
9,13367624,6.7
12,141319928,8
9,19219250,5.8
12,77267296,6
5,177404,7.6
10,12796841,6.7
8,659483,6.3
1,26238243,7.9
8,470691,7.1
10,35291068,6.9
6,176591618,6.2
4,92234,7.7
4,24007324,5.7
6,60974475,6.3
9,3865,6.5
4,98711404,6.3
5,1818681,7.2
2,46843513,6.1
3,21392758,5.4
9,158348367,5.8
8,183637894,6.3
3,58250803,6.3
12,75624550,7.1
2,103860290,5.7
3,3614896,5.8
12,1804139,6.7
5,65422625,5.8
9,53837,6.5
4,16008272,6.4
2,10721033,5.4
1,18942396,5.8
1,66528000,6.4
4,123854,5.6
12,10095170,7.8
9,10724389,7
9,68723,7.1
5,779188,5.7
4,57011521,6.7
8,42587643,5.9
3,54731865,6.7
3,52698535,6.6
1,183637894,8
11,1730296,7.3
2,72689,7.7
10,25888412,5.2
11,6002451,7.2
12,4636169,5.6
10,152972,5.7
8,49008662,6.3
7,303187,6.5
8,104810,5.7
6,2075,5.5
6,191719337,7
11,20158898,6.5
5,74262031,6.4
10,19316646,5.6
6,208588,6.2
4,10171304,5.2
10,13651946,6.6
7,88273,5.6
10,1270847,7.2
6,81476385,6.3
8,22467450,5.7
7,126663600,6.4
5,10429707,5.3
3,7137,8.1
12,84410380,6.7
3,3237118,7.9
6,152901115,6.7
9,11989328,6.1
12,47695371,7.8
8,89217875,7.1
12,56468410,7.4
7,67268835,6.3
8,27780977,7
1,21198205,7.4
11,72110659,5.6
7,38405088,7.4
8,102247150,7.3
4,32064800,7
7,659363944,7
11,116428,7.8
5,7705225,8.3
12,40356000,7.1
12,119267,7.6
3,134966411,9.2
9,14973382,8
12,232906145,8.1
7,8091910,7.6
12,31063038,6.6
6,71215869,6.9
10,8400000,5
6,65810475,7.6
10,8415112,4.8
6,24265659,6.1
5,10000000,6.2
10,4000000,7.9
7,18826490,5.3
5,14099953,7.1
12,15856028,6.7
4,1246141,4.9
8,64783827,6.6
6,28078073,5
12,23859382,6.2
9,5095592,8.7
3,4736202,7.9
8,48143579,6.3
10,10609321,7.6
12,87071205,7.1
5,50327960,6.3
12,19739575,6.8
9,174803506,6.6
7,85160248,8.4
12,25147055,5.9
4,1500000,7.4
8,2315683,3.2
2,26285544,6
1,6075793,5.2
5,14000000,6
12,22238696,7.7
10,12046526,5.4
11,15151736,5.7
6,29760613,6.1
2,10021120,7.3
7,54215416,6.9
3,65207127,7.6
7,9868521,5.5
4,1584970,5.5
10,30857814,8
4,66995879,6.5
6,38119483,7.1
8,65673233,6.7
10,24720479,7
12,78756177,7.6
2,19595031,6.4
8,1209846,8
9,46212055,6.6
10,3563162,6.5
1,2777280,6.2
2,26979166,7.8
3,1108462,7.2
9,7237794,6.1
8,793775,6
6,52210049,5.5
12,86888546,6.8
6,82670733,6.1
3,4960385,6
10,46044396,5.9
1,6263883,7.3
8,44143410,6.5
2,9804775,5.7
1,4532791,7.4
4,1526697,7.1
1,7241350,6.7
2,101599005,6.3
3,13086430,7.1
11,82522790,7.4
7,16624456,5.7
1,205569,7.4
6,13272113,6.1
7,1342613,6.6
6,83351587,6.8
12,4058564,7
2,11738022,7.2
12,152322,7.2
4,9011574,6
2,428868,6
11,2341309,3.9
8,3418141,4.9
5,38922972,6.6
6,12440858,5.6
6,449707,8
2,10424645,5.5
7,9979683,5.8
1,66638883,7.5
5,101631272,7
10,20059210,6.5
10,107928762,8.9
5,190749,7.6
3,11439193,6.9
9,16487349,5.5
5,5682429,7.2
5,33177694,6.5
5,3941146,3.8
11,17519169,6.5
7,69684532,5.5
1,43182776,7.7
12,20350171,5.8
4,9418365,5.6
12,63118386,6.8
6,1474628,6.9
8,17917287,4.6
3,25785603,6.1
8,18626419,5.9
3,29090,6.8
8,7032782,5.8
10,20677,5.3
7,68485,6.5
1,2409225,2.5
5,669625,7.7
4,14818176,6
7,1287480,6.7
12,26570463,5.1
11,58406347,7.1
12,57563264,8.6
4,12021272,7.2
4,2178160,6.2
6,99112101,7.3
8,25480490,6
3,41230799,6.9
11,6745362,7.2
4,82280579,4.1
6,10023282,6.4
7,44547681,7.3
3,40119709,6.6
10,1053788,6.9
3,30147739,6.6
8,8341087,6.9
12,40283321,6.6
5,16071990,6.4
6,30229,6.7
9,116741558,6.5
4,1152979,7.5
1,10827816,7
12,7065332,7.2
9,687194,5.8
6,101648571,6.5
3,125595205,7.4
1,57328603,6.1
4,33772838,6.7
11,48818921,7.2
5,2552992,7.2
6,117559438,5.2
10,1115313,6.6
1,441664,7.2
11,5318679,7.3
11,2402652,6.4
6,112952899,4.7
2,18492362,7
10,23980304,4.7
4,24718164,5.2
6,28734552,6.4
3,188952,7.1
12,17600423,5.9
3,15614000,5.3
3,26793311,6.4
4,7025722,6.6
2,36706141,6.5
3,75600072,6.9
9,195760,7.3
7,490475,7.2
11,6630252,6.2
2,47901582,5.3
9,56359780,6.3
7,134736,6.5
11,33253609,5.8
11,33561137,5.4
10,129128133,7.1
2,15539656,7.7
12,1487645,7
9,21158188,5.6
9,243936,7.7
9,5791328,6.6
5,20453431,5.7
5,2078661,7.2
10,80571655,6.2
11,235294,6.8
5,5758950,5.9
7,3119113,7.7
6,78378,7.2
1,40573,8.3
11,85417988,7.1
6,274024,8.5
12,138614544,5.9
9,8586392,7
6,77872883,7.4
11,1266955,7.1
10,708776,6.9
11,28331233,6.2
3,97446,5.4
5,317101119,6.2
11,120146040,5.7
5,234362462,6.6
4,86058055,7.1
6,2198924,7
9,2080321,6.8
7,25473352,5.6
9,1111061,8
4,129135,6.9
11,1712337,7.4
3,11286112,8.4
6,450897,6.4
1,828699,7.2
3,210614939,7.6
1,15800078,7.6
6,20342852,6.7
10,10169202,5.9
6,58867694,6.7
5,3058527,7.8
3,88715192,5.6
3,4600585,7
4,115694,6
9,47536778,7
12,53695808,7
6,215434591,7.6
7,3675753,7.2
9,35017297,5.6
8,63414846,7.1
3,9600,6.9
2,39123589,6.5
9,50715,6.5
2,26814957,6.7
12,50866635,7.8
5,90759676,6.6
4,37017955,7.1
3,55389516,5.8
7,3121270,7.4
9,90648202,6.4
12,69951824,7.6
5,107518682,6.6
8,80574010,5.8
2,455654,6.7
4,64167069,6.4
3,3766810,7.9
5,152647258,5.7
10,18451251,6.3
8,25352281,7.9
3,67172594,5.7
6,10547117,4.7
12,14482031,7
5,42100625,6.6
4,2536665,7.5
2,128012934,8.2
8,115646235,7.9
7,97104620,7
4,101215,6.3
3,72082998,7.2
6,2283849,8
9,3185812,7.6
5,336467,7.2
7,51855045,6.3
12,67631157,6
9,4833,6.1
12,30441326,5.6
10,27108272,7.4
12,25020758,6.9
5,154058340,8.1
9,25702053,5.7
10,471334,8.2
10,2959,7
9,24252420,6.5
10,84752907,5.7
7,5360274,7.3
12,79884879,7.2
4,43853424,7
9,645186,6.9
11,37306030,6.5
6,177002924,7.8
5,36457627,7
6,127004179,7
9,40598,5.7
7,4563650,7.1
10,3703046,6.3
11,61737191,6.6
10,719823,7.1
4,21403519,7.3
5,338523,6.9
7,16170632,7.4
10,17766658,7.2
5,17646,7
3,59301324,8.1
3,2852400,7.7
3,43577636,6.4
11,130178411,7
5,77041381,6.2
11,703232,8
7,158848340,7
12,113746621,6.2
6,2421,3.2
2,15704614,7.6
5,31424003,7.3
5,34580201,5.1
3,330360194,6.5
2,18754371,7.5
11,315058289,7.9
9,4631,6.4
5,389813101,7.6
11,2783970,1.3
4,62511,7.9
4,24801212,7.6
6,25584504,5.6
9,100234838,6.7
7,113257297,6.2
6,22105643,5.2
8,2026499,7.3
1,138291365,7.3
5,4439,6.1
9,16361885,7.7
10,63463,8.2
9,10555348,7.4
2,24946533,7.7
10,16067035,7.2
6,28000000,8
12,104945305,8
3,11242660,6.4
11,10600000,6.9
3,66000000,7.7
12,29800000,7.7
3,87044645,6.9
4,70600000,7.9
2,48979328,8.1
7,41778863,6.3
6,80931801,8.5
8,26079312,6.9
6,85182160,7.3
2,3007436,7.3
10,6342668,6
10,14504277,5.2
12,23383987,8.1
12,40716963,6.9
3,7886857,5.9
10,25533818,6.5
8,27092880,7.1
7,9077269,6.6
7,21095638,6.5
7,45517055,3.7
7,61399552,7.3
6,29450919,6.4
11,12589,6.9
12,14202899,6.2
3,2492088,7.1
4,11528900,6.5
4,4865912,6.1
4,13167232,6.1
12,79817937,5.9
12,12303904,5.7
11,3500000,5.9
5,14375181,4.6
4,22847564,7.3
3,25411386,6.6
1,57041866,7
6,115227281,7.3
11,4764606,5.7
3,1733070,5.9
3,13825794,6.8
10,12793213,6.3
8,49369899,5.6
2,12397210,8.5
11,60328558,6.9
7,21630088,5.7
4,7825009,6.8
5,1601612,7.5
4,43247647,6
5,1730005,6.8
5,1145404,7
3,14743391,7.8
11,71609321,5.5
8,31053601,5.8
7,25069101,5.5
4,15369573,5.3
8,10005969,6.1
11,17860280,6.3
7,6401336,7
2,4409328,6.2
9,356122,7.4
3,25105517,6.9
10,8403433,5.3
11,11390479,6.3
8,101157447,8.2
7,21274717,5.4
10,58055768,6.7
8,31181347,7.3
11,9317021,6
7,12741891,4.8
2,23070663,6.3
9,1125910,6.7
2,17359799,5.3
6,24332324,6.2
5,807775,7.3
10,28341469,9.3
9,3430583,6.3
12,20667959,5.8
3,11373501,6.2
10,11555430,7.5
9,17736619,5.5
10,32051917,6.6
5,38896854,6.6
2,8924549,7.1
3,515905,7.9
11,35431113,5.7
7,50727965,6
10,27112329,6.8
10,10382407,5.3
3,4064495,5.4
8,11829959,5.7
12,78676425,7.4
3,416401,7.5
1,14481231,5.9
9,1433210,7.9
5,180981856,7.2
2,34327391,6.9
11,92027888,7.6
6,4722310,6.5
2,50068310,6.7
10,72586134,5.8
3,59927618,5.2
12,285038,6.9
11,44619100,7.2
1,4073582,5.2
1,397517,7.4
3,39001187,6.7
1,2312463,4.9
11,30652890,7.3
12,315544750,8.8
6,37562568,7
7,66308518,6.6
10,46683377,6.3
1,14417593,6.7
7,54682547,6.2
10,713239,5
8,33864342,5.9
8,379384,6.6
4,889352,6.4
3,18661336,6.7
2,1765545,5.9
12,75530832,6.9
3,27287137,7.4
11,12214338,5.5
7,10571408,6.7
10,27100031,6
4,37047880,6.4
9,25170054,6.3
9,4159986,4.4
8,10667893,4.2
5,146193,5.2
10,6835856,6.6
8,4420080,3.9
1,51804714,7.3
2,16970581,7
3,8598593,7
3,8272296,7.8
4,45010278,7.4
9,85400,6.7
4,1314053,5.2
9,17131,6.4
11,307333,6.8
3,131296,7.1
5,612192,7.6
2,30336800,5.2
3,27343067,6
6,40914068,6.1
1,54234062,7.7
2,4242892,7.1
8,1222889,7.9
2,19297522,5
1,66934963,4.5
6,10219460,7.7
4,31945749,6.1
11,43905746,5.9
1,170742341,8.2
12,22771646,5.5
10,3098776,7
2,263107,7.4
3,33715436,5.5
11,20264436,6.5
10,7084227,7.3
1,15545431,5.6
11,36024076,3.9
6,13728902,5.9
3,67303450,6.7
9,1900451,4.2
9,153256,7.5
5,516726,7.6
11,290201752,7.7
4,33810189,6.4
6,8940582,6.7
10,81261177,7.2
5,2283914,6.2
3,39799191,6.2
10,5095038,6.2
6,134529403,7.1
6,4928883,1.9
9,1043896,7.4
1,9331,6.5
10,1029872,6.6
8,120540719,8.4
4,5509040,8.2
8,32238923,4.7
2,31726995,6.1
1,49772522,5.2
11,150056,7.7
4,489389,7.4
11,73780539,5.4
9,43095856,6.3
2,23530892,8.1
3,113086868,5.6
5,158119460,6.4
7,5501616,7
4,1305,7.7
6,1903434,7.3
4,175281,5.6
4,1024640,7
10,85468508,7.1
11,9936,6.3
5,334450,7.9
2,72266306,6.6
10,24602291,7.3
1,8060487,7.4
4,19363565,6.2
9,13090630,6.5
2,47860214,5.1
1,6090172,6.9
3,304533,6.7
8,5933494,5.4
9,17807569,5.9
11,5549923,6.3
9,6777741,7.2
2,80172128,6.1
8,25930652,6.2
12,760507625,7.9
2,1959420,6
10,18354356,8.1
9,14011084,6
2,70231041,5.7
6,291045518,7.1
8,13938332,6.7
4,3866794,7.2
5,257730019,7.9
5,29136626,5.7
10,11902715,7.2
3,111506430,6.8
10,3575227,6.7
10,63300095,5.9
9,38577772,6.3
9,7321,6.7
10,136025503,7.7
9,40081410,6
2,19490041,6.2
3,22000000,6.3
8,66477700,5.1
9,29504281,6.4
2,24077427,6.4
1,32680633,5.5
1,1042959,6.2
4,28835528,6.2
10,73357727,7.4
8,26004851,6.9
10,2450846,6.9
1,102541,5.9
3,50287556,6.4
5,21067116,5.4
4,38180928,6.2
8,75612460,6.7
10,637421,7.9
3,62950384,6
5,6391436,8.2
9,408983,6.2
8,325100054,5.9
2,3310031,6.4
4,34411,7
6,33245,6.4
5,58060186,5.5
5,1024175,6.7
9,288328,7.6
3,78396,5.5
4,209837675,7.3
8,1200010,7.5
5,59650222,6.4
2,17450535,5.6
8,1339152,7.7
12,141951,6.3
2,58293,7.4
5,202853933,6.6
10,53900335,4.6
1,1171559,6.4
7,66013057,5.6
9,75764672,7.1
10,17550872,7
2,31153464,5.4
4,1375769,7.1
8,513447,7
7,46009673,6
4,17329486,4.7
2,12589,7.1
9,125070033,7.4
11,27634716,6.5
10,10137502,7.3
12,21120616,7.3
7,32000304,6.2
9,74068,5.9
1,30353973,5.7
3,59689605,6
5,213767512,6.9
10,2541854,6.8
6,107825862,7.6
1,1818910,4.3
5,3220371,7
7,1918403,6.8
3,8047856,7.2
8,102092201,6.5
8,33800859,7.7
6,248286,7.6
3,15861566,6.2
2,48462608,7.3
11,271841,8.6
3,54235,7.4
8,7712114,7.5
12,56666667,7.8
4,53412862,7.1
5,39552000,6.1
11,23689877,8.1
12,135189114,7.6
12,73691419,7.1
8,10697276,4.9
9,54766923,7.7
6,7063886,7
8,30565292,7.5
4,58972904,7.1
2,16100000,6
3,28215453,7.6
7,16916617,6.1
12,234760478,7.4
10,34901614,7.4
12,9929135,7.9
11,15057465,5.2
2,8692426,6.5
2,2156772,6.8
5,49042224,5.8
8,13418091,6.3
8,591366,6.7
5,109306210,5.7
5,23509382,5.5
8,1680358,7.9
1,3369307,6.9
8,7305209,4.8
11,5979011,5.7
8,8247943,6.6
12,3331297,7.2
6,128152301,7.1
12,42039085,7.4
7,62493712,7.5
5,671382,6
12,172825435,8
11,27100027,6.7
11,18254702,7.8
6,38956288,5.3
8,4973285,6.8
3,10763469,6.4
4,12065892,5.4
2,6488114,6.2
4,16186793,6.4
3,10959015,6
9,29381956,6.4
3,178406268,7.1
10,17854933,5.4
6,119412921,7.5
1,4087361,7
12,2603061,8.1
8,38016380,6.8
4,16371128,7.2
4,1794187,7.5
4,57114049,5.7
9,22518097,5.8
2,45500797,6
9,13351357,5.9
5,21706101,7.5
1,21633781,6.4
5,139605150,6.5
10,83563139,6.5
9,390152,6.5
4,24103594,6.2
5,1519366,5.3
4,4496583,7.9
9,7993039,7.6
1,9532895,6.9
11,219195243,7.1
8,15185672,6.2
6,5377643,7.1
9,12281551,7.9
2,18898806,6.8
3,10032765,7.7
5,757088,6.8
2,30577969,5.3
7,30156002,6.2
8,19726050,5.2
3,45610410,6.1
2,17689177,6.6
11,36763355,4.7
8,52125282,6.3
4,27288872,6.1
3,29136626,7.1
7,32063435,6
4,7727256,6.2
6,65002597,6.3
6,25052000,6.7
4,2568425,7.7
8,25405445,7.1
10,273188,6.7
3,87433,4.9
12,71518503,6.6
12,67436818,8.3
10,1320043,7
12,100475249,7.1
1,82569971,7.3
5,1238905,6.6
4,31596911,6.9
9,20350754,5
8,24047675,5.5
2,6014341,4.9
1,19030691,6
3,124060553,7.2
9,4357406,5.3
8,3325651,5
5,31387164,5.2
4,134485,7.2
3,1300377,7.5
12,103046663,7.4
11,106606,5.6
10,588621,7.1
2,10292300,6.6
6,351447,8
2,67127760,6
2,14378331,7.6
1,10686841,7.3
1,13806137,6.1
1,32000301,5.6
8,40922619,6.2
7,44480039,6.7
3,35281794,6.8
11,37621,5.6
3,282175,5.9
11,21760240,5
8,10115013,6.4
9,4956401,6.5
10,1223034,5.1
9,41616262,7.2
5,116089678,7.2
3,2062405,6.9
11,635096,6.7
2,36663315,6.6
11,66518655,6.7
9,38072438,5.6
7,73648142,5.9
10,370668,6.1
10,31502583,5.3
11,3088,6
8,11614954,5.7
9,21142914,6.9
7,300880,8.2
12,377845905,9
12,497091,6.7
5,1823297,6.3
12,15220685,3.6
8,44737059,6.6
9,21468807,4.4
3,30060660,7.2
2,19478,7.6
9,6055661,6.6
9,1151941,7.4
9,268117,6
9,3157348,5.6
6,2487878,7.4
1,774469,6.9
8,5313300,6.3
5,281576461,7.2
6,1815864,6.9
9,18306166,6.5
2,784399,7
2,115802596,5.3
12,100618344,6.9
9,208400,6.9
7,36845124,6.6
4,3517797,6.5
3,1011102,7.1
8,140125968,6.2
8,20779666,7.5
1,179751,6.6
8,1179035,6.8
6,100830111,4.9
5,226658,6.3
2,3500,7.3
12,77567,5.6
2,5884190,5.3
1,6489476,4.9
10,141243,7.4
4,68671925,6
9,22738671,5.5
1,22076772,4.6
10,165000,6.5
2,75286229,7.7
4,77911774,7.7
6,26276465,3.4
11,366301,4.9
6,19176754,7
12,102610330,7.5
1,88097164,6
2,120908074,6.8
12,188392,5.9
6,200081192,6.1
10,16124543,6.7
12,143597,6.5
5,870067,7.2
3,32682342,6.2
9,37493,6.5
9,603951,7.1
2,28750530,7.3
6,107492,6.2
12,70107728,6.1
9,15337393,7.4
11,200821936,7.7
9,8330720,5.5
4,181872,6.5
4,37384046,5.2
2,48751189,5.8
9,89707299,6.3
1,87490,6.7
10,33602376,7.1
1,15309602,6.9
3,70511035,8.2
11,18643,6
9,6995302,7.6
8,251495,5.2
1,5844868,5.6
1,37634615,8.2
11,39687694,6.2
9,31749894,7
3,81159365,6.8
9,12185,7.5
5,416951,6.8
10,25775,6.7
7,26167002,6.5
2,39868642,7.5
3,20804166,5.1
5,181030624,7
10,3351751,6.5
3,30638,6
8,325131,7.2
1,18622031,7.7
6,1031872,7
8,110515313,7.1
3,35053660,6.8
2,25450527,6.5
7,63150991,6.1
11,49492060,5.3
4,40259119,6.8
1,30017992,6.4
11,6113834,6.7
12,37491364,7.3
10,80035402,5.8
5,177243721,6
8,2077116,6.9
1,146336178,5.3
11,39440655,6.4
1,41587,6.4
3,71440011,7
8,2962242,7.7
9,10823158,6.1
8,31177548,6.8
8,135265915,5.8
3,40557,5.4
6,300531751,5.1
3,11514,5
5,20563273,7.2
7,292576195,8.8
8,119412921,6.2
6,352390543,6.2
9,802778,7.5
12,2990625,6.8
10,45710178,5.5
10,6881022,7.5
12,138797449,8
4,207473,6.8
8,63536011,6.3
1,48475290,5.3
5,241410378,6.9
9,2436633,7
2,67349198,5.2
7,55802754,6.5
11,338987,7.7
11,189422889,7.7
3,2552478,7.8
9,29063,6.4
7,52421953,7.3
2,262075,7.8
1,100035,7.8
5,21590086,7.4
5,112200072,5.8
10,65001093,7.1
5,61782,6.5
12,376597,6.7
8,1315590,7.1
6,8114627,7.9
4,3769873,6.2
10,167767189,8.1
10,12189,7.3
5,459005868,7.3
7,51687870,6.7
11,37709979,7.6
7,2073582,8.1
5,43139300,6.1
10,13092000,8.5
7,9995,5.8
3,14947,4.8
6,65460,6.4
1,14677654,8.1
9,9318,5.7
5,5083,6.1
10,155575,6.6
3,260430,7.3
7,3500,7.4
6,9639125,6.7
7,4210454,6.9
11,43113,6.8
7,15057465,6.3
4,4335968,7.3
2,3684305,7.5
4,186336279,6.3
3,183875760,6.3
4,458000,6.8
12,48462608,7.4
1,9440272,8.4
12,106397186,6.9
8,115000000,7.4
7,22000000,6.9
11,27634716,7.2
6,17732000,5.9
2,32653905,7.3
8,20000000,6.2
3,16393000,5.7
8,6171763,4.5
12,82258456,6.4
12,103290500,6.9
8,16647800,6.6
5,31261269,6
6,14110013,6.6
7,25244626,7.1
7,14665733,7.5
7,29712172,7.1
3,25697647,7
7,14049540,5.2
8,8571374,6.6
5,8613462,7
9,4319001,5.1
12,14643997,7.2
6,11137801,6.7
10,1476356,6.6
10,29844101,5.9
3,37499651,6.4
8,52287414,8.1
10,21458229,6.2
3,39321715,5.9
11,7019441,6.3
2,42721196,6
4,28061343,5
10,10278549,6.1
6,76270454,7.8
7,300859,6.2
5,3588626,6.1
9,11444204,6
2,16031707,5.9
11,1700000,6.4
5,770132,8.1
6,130724172,6.4
3,13906394,5.5
9,510712,6.2
1,40586886,6.2
12,56362352,7.9
7,217631306,7.1
3,26385627,6.5
3,122012643,7.5
10,27441977,6.9
4,9888167,6.4
8,23591472,6.2
11,30669413,6.3
12,22997992,6.1
8,6153939,7.6
10,2853801,7.3
4,18784957,5.8
11,59489799,6.9
10,6948859,4.6
12,1710057,7
7,8442162,5.8
9,1305915,7.5
2,14358033,6
8,14356479,6.3
4,30524763,5.3
3,76253806,6.8
9,2570550,5.1
6,158348367,6.9
9,6739141,5.9
2,40157856,7.5
5,20915465,4.1
3,42273609,4.8
2,72217396,6.9
9,3359465,6.4
5,7355425,5.7
6,20280016,5.9
10,63174,4.7
10,7830611,8.3
8,28881266,4.9
12,1304237,7.4
9,2694234,5.4
9,44853581,5.9
7,259724,5.8
10,1268636,6.6
3,148121,6.6
6,512245,7.1
3,8620678,5.5
6,101295562,6.2
3,56569216,6.5
1,26877589,6.2
7,306169268,7
10,195170,6.1
4,329211,6.4
11,403701,7.1
2,12825141,3.8
10,25857416,7
2,22231658,7
6,2375097,7.4
8,2416734,7.1
9,181233,2.3
6,112276146,7.3
12,31642995,5.8
8,48169156,6
10,626057,6.5
2,375634,6.3
5,229086679,6.5
4,1179002,6.2
9,333760,6.6
1,29342592,3.6
9,1726567,7.4
11,18319860,5.8
7,19889299,5.5
10,76631907,7.7
1,30471,7.7
10,10570375,6.1
4,5661798,6.3
5,4906229,7.2
12,1955933,6.3
8,29381494,5.1
5,8302478,5.5
11,39464775,5.3
3,277596,7.5
4,37170488,6.1
4,65206105,6.3
8,43805,6.6
10,568762,7.2
1,60400856,5.3
5,17200925,6.7
9,15325127,5.7
11,95011339,7.3
3,2053648,7.6
10,18715392,7.4
6,1280490,7.8
3,12427717,8.6
11,921445,6.8
5,414358,6.2
12,3684305,4.3
8,319299,6.5
4,41543917,6.4
3,4245870,5.9
4,14589444,6.7
9,31597131,6.8
3,308552,6.1
1,52364010,7.6
2,1048950,6.9
1,15740796,6.4
6,150268,7.1
2,5211842,7.4
10,605562,6.1
6,8384929,6.8
6,539879,6.4
7,51432760,5.4
11,93927920,7.5
10,36611066,4.5
2,32647042,6.3
11,20991364,5.8
5,10304,7.8
10,1315498,6.3
3,38125247,5.5
10,31651,7.1
8,10167373,6.6
1,11670971,6.9
1,31041759,6.9
2,16703799,5.2
1,6524389,7.6
1,10254979,7.1
5,14190750,4.5
7,206459076,6.7
8,22400154,4.7
7,65955630,6.6
1,164308,7.1
11,228767,7.1
7,423315812,7.4
8,2276368,7.8
3,417120,7.3
10,18337722,7.3
1,3526847,5.3
1,62318875,6.7
1,11304403,6.5
2,6855137,7.3
8,12571185,6.1
2,5027684,7.3
10,39517763,5.8
9,607844,6.6
10,28444855,5.5
7,74494381,6.8
9,50648679,6.2
3,36895141,6.6
8,36316032,6.4
7,189024,7.5
3,41778863,6.4
1,7161284,7.4
2,10011996,6.7
9,36793804,6.7
7,1252100,7.6
7,43107979,6.3
12,902544,7.4
5,4571521,7.5
1,17303424,6.1
3,18450127,5.8
9,2206405,6.6
11,39576,6.5
1,5269757,7.4
8,48237389,5.5
5,9427089,7.6
5,46012734,5.8
4,60494212,6
1,28687835,6.2
8,87341380,6.9
12,33446470,7.5
4,14796236,3.9
11,821046,7.5
12,104386950,6.3
2,80014842,6.3
10,59713955,7.2
8,1836515,6.4
6,163958031,6.7
5,79727149,6.2
5,46294610,6.5
6,167047,7.9
9,33316821,6.5
5,113682,6.1
12,427418,6.7
8,113203870,6.6
1,50577412,6.2
6,9645,6.2
12,112735375,6.5
11,32428195,6.2
9,35014192,7.6
8,1274062,6
7,7468936,6.3
11,5190196,7.3
9,13414714,7.1
9,327481748,7.3
2,63686397,6.8
5,106524,5
9,42025135,6.4
5,1612430,8.5
2,363070709,8
11,23240020,6.4
7,137400141,7.5
8,51854875,6.6
10,646,4
11,3361,5.3
2,19202743,7.6
7,35608245,6.1
2,54333290,6.4
12,54544638,5.6
10,5460,5.1
12,29807260,6.4
3,64935167,5.6
7,161321843,6.5
5,8452,6.6
11,1373,6.1
11,60158,7.1
9,9662284,5
7,16685867,6.3
8,75468583,6.9
11,206362140,6.8
2,18058,6.7
12,33680992,6
4,13809,6.3
6,73921000,6.2
12,54647948,5.6
9,100345,5.8
7,3696196,8.2
11,103804407,6.3
7,171962,5.1
9,293680,7.5
7,16101339,7.5
6,21833,6
1,64521,6.5
8,27007844,7.6
8,74422622,5.7
2,32732301,6.8
3,130179072,6.2
10,2022115,7
8,54240821,7.3
9,692400,5.3
4,9252038,6.7
11,109767581,7.6
7,17737646,6.8
8,26409,6.5
1,694600,7.6
1,1951776,6.4
12,270395425,7.1
12,532177324,7.8
9,2006788,8.1
8,48023088,7.7
9,494506,6.9
9,703438,5.6
6,22835787,8.3
5,58853106,6.4
11,38399961,7.3
8,8384929,7.5
12,155385488,6.7
4,32589624,8
12,9613,7.4
12,47542841,9
9,14560084,7.2
3,364642,7
4,12729675,7.3
8,18971000,5
5,16138,8.2
11,21028755,6.8
3,19282134,7
11,2256246,7.2
6,327958,7.8
8,129795554,7
3,111289673,6.2
5,125049125,6.8
12,6700035,8.2
9,56399659,7.1
1,29600000,7.5
5,16478265,5.4
7,19265302,3.8
6,5321508,8.3
4,13086298,6.3
12,358574,5.3
11,16785,6.5
2,68706993,7.4
3,12947763,6.1
7,25314189,6.1
3,1984315,6.4
10,9747988,7
1,32632093,6.7
7,37903295,6.3
7,83519093,8.2
11,450726,5.6
10,3965604,5.7
6,14114488,4.7
6,589244,7.2
6,20324096,5.9
7,1144649,8.1
8,1883811,5.7
10,8539181,6.9
3,8083123,7.1
3,11567217,4.4
1,7331647,6.6
1,52096475,7.8
6,41482207,6.4
2,5864949,6.8
7,15260154,6.8
1,16667084,7.1
8,9188150,5.6
6,25196249,6.3
10,14143280,5.7
1,14789113,6.4
5,21830957,6.3
3,7535331,7.2
10,11511031,6.5
10,11000863,5.6
4,17530973,5.9
12,2000022,7
5,58883840,6.6
3,187705427,6.5
3,14796494,5.5
11,44065653,5.9
8,17092453,4.9
10,5216888,8.1
3,17953778,6.2
5,1753979,3.6
3,296081,6.3
6,233824,7.2
11,9709451,6.2
12,70172621,7
4,6265311,6.9
4,14904910,6.5
3,11081586,6.2
11,12974636,5.2
10,4348572,3.8
12,100768056,6.6
1,77446440,7.7
7,35739755,6.7
10,22881563,7.5
12,6405918,6.8
4,58834,7.5
2,14543394,6.3
6,39100956,7.3
1,21011318,5.6
8,10475705,6
7,92115211,6.7
7,759393,7.1
5,130531208,5
11,35200,5.9
4,4330020,6.5
1,63513,5.7
1,30160161,5.4
4,2381087,7.3
1,5535405,8.1
2,46576136,6.2
8,7919823,5.6
10,24147179,6.9
5,10904930,6.6
5,247202,5.5
12,2193982,5.8
12,2086101,7.1
11,144880014,5.7
4,24727,6
6,17323326,5
3,1141556,5.4
7,100920329,7.5
2,4553271,7.1
5,63820180,7.6
11,54930280,6.4
8,6112613,4.8
9,41263140,6
2,19204929,6.1
2,13130349,7.2
5,11841544,6.7
10,90757863,6.5
7,201578182,6.7
4,27007143,6
8,32698899,6.6
1,16500786,5
1,17460020,6.6
1,11434216,6.7
7,29967750,6
2,26511114,6.7
8,34102780,6.1
10,8891623,6.7
7,17514980,5.6
9,4739023,6.1
11,126943684,6.4
11,14276317,6.4
12,32000000,4.6
3,34134641,7
10,17845337,5.8
4,801985,7.6
1,24792251,7.3
2,19393557,7.2
7,1302067,6.9
3,82348319,6.7
5,51080,6.6
9,45172250,6.5
12,182811707,6.4
3,1016340,7.3
12,106807667,6.3
10,533479,7
10,2274979,6.6
7,15618626,5.3
5,24174218,5.7
2,25288103,6.7
11,1138836,7.1
7,64956806,5.5
3,1022324,6.4
2,370562,6.7
10,354421,6.7
9,247406,7.2
8,37182494,6.2
3,56832494,6
11,23586598,5.3
12,1555959,6.3
10,126793,5.4
4,773228,7.6
6,1656445,7.1
1,57938693,7.6
6,57761012,6.6
6,249759843,7.9
3,132716677,5.6
11,14973382,6.2
1,25473352,6.7
12,5381908,6.2
2,2532228,7.1
11,21576018,8
10,1571504,6.8
8,58331254,7.4
10,16781387,7.7
9,51201453,6.1
5,186740799,6.5
7,14195227,5.6
9,13001257,6.9
6,1151941,7.4
8,26782316,7.4
7,160276,6.7
7,51882244,6.3
5,37486512,6
5,15357,8.1
1,1576231,7.2
2,29331068,4.7
10,28444855,6.1
11,551281,6.1
7,2072645,5.9
6,206852432,8.2
8,80270227,5.1
9,18801234,5.9
1,44114232,6.6
2,3775283,7.6
10,12482775,6.6
4,86432000,5.9
5,41803,6.8
10,46464023,5.9
12,568932,6.4
11,7459300,6.9
8,15007991,5.1
3,177525,6.7
3,9015303,7.4
8,66453,6.3
1,279665,7.3
11,21002919,7.9
11,32619671,6.2
7,64310,6.5
8,31524275,7.5
9,23649127,3.8
6,71985628,6.8
10,20300218,7.6
9,33190,5.5
3,16809076,6.1
11,25343,7.1
7,183135014,7.3
10,49033882,7.2
9,12807139,6.6
9,2697938,7.1
2,1331137,5.5
9,714943,6.6
3,187168425,7.2
11,8070537,7.1
3,168273550,5.8
1,8190,6.3
12,104400899,7.1
6,257412,5.2
10,14589444,6.5
11,850920,7.9
12,231574,7.1
8,351059,7
1,80048433,7
10,109204945,5.5
11,31715062,6.1
10,8402485,6.5
10,13043363,6.9
2,4441272,6.7
12,582024,6.3
7,5010163,7.8
10,32746941,6.5
6,237283207,7.1
4,48071303,7.6
11,296623634,4.8
2,39464306,7.2
9,66486205,7.4
3,16738,6.6
8,25533818,4.8
2,2194521,4.6
5,246078,7.6
6,38518613,5.9
5,304616,7.3
8,50474843,6.7
6,23392,7.1
11,64006466,5.8
1,70662220,6.2
4,20396829,5.6
10,1044143,7
10,9812,6.4
12,186848418,7.4
7,58884188,6.1
5,3291250,7.9
9,75658097,6.8
6,103144286,5.2
5,117723989,7.2
6,9206470,6.8
12,54767494,5.9
1,95720716,7.4
10,14973382,6.6
1,17654912,7.7
11,857522,8
10,327345,6.7
10,222989,6.9
5,238679850,7
10,33800000,5.8
4,7706436,7.3
8,1014071,7.5
7,71017784,5.3
11,56671993,8.1
11,1066981,6.4
2,350741,6.2
8,33405481,7.3
6,159582188,6.6
5,59209,6
4,60311495,6.2
7,6758416,7.7
3,14591,6.3
1,8005980,5.5
3,341268248,8
10,34343574,6.2
9,6735118,7.8
3,62524260,5.9
6,608581744,7.6
4,54030051,5.9
12,2634,5.2
8,134552,6.3
7,477453,5.9
4,1799312,6.3
1,12429583,5.7
6,417719760,6.1
7,220159104,7.7
1,30014539,7.5
9,618173,8.1
9,8247943,6.3
12,1065665,7.8
12,44824144,8.3
12,72560711,7.8
11,10404330,8
11,264292,8.2
6,29200000,8.2
12,46236000,6.7
10,41687243,6.6
7,14717854,5.7
10,47000000,7.7
12,37823676,7.8
8,83471511,8.4
8,5732587,7.4
1,20259961,5.5
6,15171476,4.5
12,5310748,7.5
10,55432841,6.1
4,4389334,6.6
12,28744356,7
4,5101,5.6
4,6326051,5.9
4,18432000,6.9
11,10000000,5.5
1,7683620,7.2
10,8551228,7.7
2,19444631,6.1
6,3900000,6.1
2,7634909,5.7
11,8362969,6.9
1,15448384,6.2
10,3221568,7.1
2,9518342,6.1
5,3333969,7.9
12,26713187,6.9
6,2488740,6.7
7,35659098,6.6
7,553171,8
1,6193901,4.8
1,11005304,5.8
8,3580882,7.5
3,17550399,4.6
10,2080046,7.9
8,54461047,7.5
11,118450002,7.8
4,49797148,7.2
5,12143484,5.3
12,408839,6.8
12,14278900,6.1
4,25029569,5.4
1,922872,8.1
12,13200170,7.3
6,2517600,3.7
12,2279692,7.3
2,62548947,7.2
12,1683422,6.7
1,7532911,6.7
10,10725228,7.7
3,32100816,5.4
11,24204154,6.4
4,10058318,5
12,18635620,6.5
7,102314823,7.2
9,2395231,6.7
12,57319029,5.7
2,50081992,6.2
1,16696219,6.2
2,13383747,7.4
5,50693129,7.5
10,5887457,7.8
7,330455270,8.8
9,8094616,7.5
3,13137484,6.3
12,26381221,6.2
3,30626182,5.6
7,119938730,6.9
4,27467564,7.2
1,17381942,7.3
10,19751736,4.6
6,60240295,6.1
10,14551359,6
6,198126,7.6
9,25143818,6.9
5,5009305,5.8
7,18937262,3.1
11,1979768,7.3
4,34861807,6.3
2,2821671,6
1,2923982,7.4
12,375757,7
9,4274407,2.4
9,1794086,6.6
7,23712993,5.8
12,30882515,4.6
5,75383563,6.7
8,2804473,7.1
11,10541523,6.3
12,148478011,7.7
9,7936780,6.1
12,659363944,7.9
1,7233324,5.3
12,22863596,7.7
8,37672941,5.7
4,8408835,6
5,22510798,6.2
7,130444603,6.6
4,63886029,6.8
5,21567853,6.9
10,2281761,6.3
8,66384775,6.5
7,7027290,6.5
3,171479930,8.7
2,6852450,5.9
10,169331,7.5
2,3117085,5.7
5,7027345,5.6
7,181171875,5.9
12,140035367,6
8,4217115,6.8
12,342551365,8.8
12,3635482,8.3
7,150371112,6.3
11,66957026,4.8
4,13121555,4.4
5,68540777,6.5
11,34604280,5.9
10,41575141,6.5
6,764554,7
11,19521,6.3
2,20384136,4.9
4,23358708,5.4
8,3067312,7.7
11,45246095,5.6
6,257252,6.4
8,30085147,6.8
9,14036406,5.1
10,50338485,7.4
3,25916319,5.8
1,41281092,7.3
4,21305259,6.4
7,489600,7.3
8,40388794,3.3
11,19481943,5.6
9,8112414,7.3
9,6010990,7.4
4,52159536,7.3
3,84299,7.3
4,67406573,7
2,25198598,5.3
3,4198566,8.1
11,173840591,7.1
9,43610723,6.7
9,21386011,5
4,896993,6.8
12,59952835,6.7
11,59694580,5.8
6,11273517,7.1
10,57890460,6.2
12,218080025,7.2
3,59020957,7.3
1,12594698,6.7
1,40363810,3.8
1,82674398,4.8
8,101005703,7.5
3,3635164,7.8
7,564535,6.4
5,54580300,7.7
12,33987757,7.2
8,1121744,7.3
1,144254,7.4
4,46982632,6.5
3,743847,5.7
11,126631277,6.1
11,114053579,6.8
2,33231264,7
9,55011732,6.9
11,275387,7.4
10,10167,7
8,77532,6.9
12,127509326,7.8
4,49662533,4.3
2,199176,6.6
7,24148068,7.3
11,3337931,6.8
5,125322469,6.5
10,149260504,6.6
2,21250683,7.4
7,166003,6.2
8,65328121,6.5
12,143495265,7.5
2,11003643,6.3
9,27838408,6.9
4,23591432,6.2
3,11008770,5.9
9,3622,7.7
4,39015018,7.2
10,80238724,6.2
8,79698,5.8
11,27298285,7.9
10,4604982,7.5
1,11114018,7.1
1,45802315,6.5
9,124870275,6.9
7,7712114,6.3
6,882267,7.7
12,519086,6.3
9,2511476,7.1
12,209028679,7.6
6,17010170,5.8
3,3054457,7.5
6,402111870,6
1,38233676,2.8
7,41596251,7
6,1262079,7.1
9,10330853,6.7
10,22321,7.5
6,191452396,6.2
9,55675313,6.9
8,1610163,7.6
4,42073277,7
3,5529,7.1
4,95461682,5.7
4,140254,6.3
8,6594959,6.5
10,173948,6.4
5,9216,6.5
9,28087155,5.1
11,100370,5.7
10,20431,7.1
8,408015,6.6
11,45055776,8.1
10,15024049,7.1
4,6997,6.3
1,27569558,6.7
2,2216,7.1
11,189024,6.5
10,86260045,7.3
2,56574,5.2
2,17418667,6.3
10,14904426,5.9
3,218967620,7.1
6,264624300,6.2
11,3401155,6.7
7,3775000,6.4
12,54513740,8.1
7,216648740,7
3,40826341,7.5
5,324591735,7.6
7,17493096,6.9