releaseYear,lifetime_gross,imdb_averageRating,studio
1941,1585634,8.3,RKO
1955,199963,7.6,WB
1956,177909,7.6,WB
1966,13399812,7.0,Par.
1969,171243005,7.4,Par.
1971,51700000,7.7,Fox
1973,53267000,8.0,AAP
1974,38229000,5.7,Dis.
1978,141600000,7.4,Uni.
1980,6321392,6.3,Uni.
1980,69847348,6.2,WB
1982,39565475,6.9,Uni.
1981,17374595,6.6,WB
1982,53977250,7.7,Fox
1983,8443124,7.3,Uni.
1983,11798616,7.7,WB
1985,34700291,7.8,WB
1984,28733290,6.7,Uni.
1984,20458340,7.2,Par.
1985,91666,6.7,WB
1986,38625550,7.1,BV
1986,38982260,7.1,WB
1986,17218023,7.4,WB
1987,34368475,6.9,BV
1987,2700000,4.3,Uni.
1987,989528,4.7,Par.
1987,167780960,6.1,BV
1988,13687027,6.5,BV
1988,63779477,6.8,Fox
1989,22026369,6.3,Par.
1989,64431625,7.5,Uni.
1989,19674852,6.1,Fox
1990,26098824,6.5,Fox
1990,20305841,5.5,Uni.
1991,22166041,6.5,Uni.
1991,9689816,5.4,Par.
1991,14919570,7.6,Fox
1991,74888996,7.2,Par.
1992,107533928,7.3,Sony
1992,27281507,7.7,BV
1992,18471850,6.7,WB
1992,23278931,5.1,Fox
1993,35113743,7.0,Uni.
1993,31130999,7.5,WB
1993,56505065,7.8,BV
1994,83015089,6.2,WB
1994,6821850,5.4,Sony
1996,17626234,7.8,WB
1995,7506759,5.7,WB
1995,75609945,8.3,Par.
1996,37327390,5.9,Uni.
1995,345972,5.3,BV
1996,7138523,5.4,Par.
1996,26491793,5.2,BV
1996,4619014,5.5,WB
1996,5707094,5.8,Sony
1997,11486880,5.5,Par.
1997,41909762,7.7,Sony
1998,6136856,5.7,WB
1998,60053195,6.0,Fox
1997,17626234,6.1,WB
1997,37957682,7.1,Sony
1999,14036005,5.0,Uni.
1999,155385488,7.1,Uni.
1999,4390,6.2,Fox
1998,140464664,6.2,Par.
1998,91137662,6.8,Sony
1999,474544677,6.5,Fox
2000,89302687,7.4,BV
2001,267665011,7.9,DW
1998,176484651,7.1,Fox
1999,11578059,4.3,Fox
2000,26005820,4.3,Uni.
1999,52880016,6.2,WB
1998,34562556,5.4,WB
1999,66889043,5.8,Uni.
2000,35268275,3.7,Uni.
1999,16625807,6.2,Sony
2000,155464351,6.6,DW
2003,138608444,6.6,Sony
2000,182618434,6.5,WB
2000,32534850,7.9,DW
2000,60883407,5.7,BV
2003,46566212,7.1,Fox
2003,30250745,5.6,Par.
2001,15749959,6.0,WB
2001,14254993,4.6,Fox
2001,471210,6.0,WB
2002,54606,6.2,Par.
2001,27073640,4.7,Uni.
2002,121661683,7.8,Uni.
2002,66818548,6.5,Par.
2002,48360547,5.5,Uni.
2002,8364691,6.3,WB
2002,1236166,7.2,Par.
2004,160861908,6.0,DW
2003,13084595,7.6,BV
2003,52333738,6.9,SonR
2003,36906460,7.3,WB
2004,40202379,3.4,WB
2003,104565114,6.3,Uni.
2003,120277854,7.3,Uni.
2004,37762677,6.1,Par.
2004,51438175,5.9,WB
2005,19478106,5.5,BV
2005,291710957,6.9,BV
2006,4283255,6.7,BV
2005,16535005,5.4,Uni.
2005,32116746,5.1,Sony
2006,137355633,6.4,SonR
2005,109449237,7.1,Uni.
2008,75986503,7.0,Uni.
2008,71195053,6.5,Par.
2005,28212337,5.2,Uni.
2006,64665672,6.6,P/DW
2007,25126214,5.6,WB
2008,227946274,6.4,Sony
2006,124740460,6.9,Fox
2009,31811527,6.1,Sum.
2008,180010950,6.6,P/DW
2007,42674040,5.6,Uni.
2009,42194060,6.0,Sony
2007,47003582,7.1,Par.
2008,35739802,7.8,Uni.
2012,148313048,7.0,Sony
2013,42930462,6.4,LG/S
2011,98780042,5.8,Sony
2008,101440743,6.6,P/DW
2009,13684249,6.1,LGF
2009,219614612,4.5,Fox
2011,21596445,5.5,Uni.
2011,146408305,7.7,Fox
2010,251513985,7.6,Uni.
2013,61002302,8.1,WB
2011,108085305,5.4,Uni.
2011,169708112,8.1,BV
2016,127440871,6.3,WB (NL)
2011,84351197,7.4,WB
2012,37519139,5.9,Fox
2013,19019882,7.5,LG/S
2016,97685686,6.1,Sony
2017,172558876,6.5,BV
2012,48086903,6.8,LG/S
2015,281723902,6.5,LGF
2016,107509366,6.3,Sony
2014,78031620,6.1,Sony
2017,334201140,7.4,Sony
2016,3759286,7.3,Par.
2015,22348241,6.3,Par.
2015,31090320,6.5,Uni.
2015,12314651,5.0,Par.
2015,35423380,4.7,Uni.
2016,6874837,6.2,Sony
2015,43047372,6.4,Sony
2016,20591853,6.2,WB (NL)
2018,81903458,7.2,Fox
1947,58236838,6.9,Fox
1950,138614544,7.0,Fox
1954,12562,8.2,WB
1960,183417150,6.5,WB
1963,592237,8.3,Uni.
1967,141843612,7.6,Dis.
1968,44527234,7.6,Par.
1969,149260504,7.2,P/DW
1971,2437000,6.6,WB
1971,70334258,6.6,Par.
1975,260000000,8.1,Uni.
1978,85196485,6.3,WB
1980,22743674,6.3,Par.
1980,34343574,6.5,Sony
1982,27150534,6.1,Par.
1982,14400000,5.1,Uni.
1983,90404800,7.5,Par.
1984,26186631,5.4,WB
1984,40874452,6.6,Fox
1985,1420355,6.5,WB
1985,12303411,6.8,Fox
1986,52293982,7.0,BV
1986,277646,7.1,Par.
1987,18553948,7.0,Par.
1988,78222753,5.9,BV
1988,14543394,7.7,Fox
1988,41292551,6.0,WB
1988,111938388,6.1,Uni.
1989,31906454,7.4,WB
1989,100047830,7.1,Uni.
1990,91457688,6.2,Uni.
1990,27931461,6.8,BV
1990,2075084,6.7,WB
1991,46704056,6.6,BV
1992,88036683,6.7,BV
1992,6742168,6.4,WB
1993,36733909,7.1,BV
1993,8041049,6.0,BV
1993,36948322,7.9,Uni.
1994,1596687,5.1,WB
1994,1007583,6.4,WB
1994,16928556,6.7,Uni.
1995,65807024,6.8,Sony
1995,76594107,6.1,BV
1995,35348597,6.9,BV
1995,3730409,5.1,WB
1995,12096881,6.4,BV
1995,912082,5.3,Par.
1995,191796233,8.3,BV
1995,7929434,6.7,BV
1996,7343114,6.8,Fox
1996,33023469,5.9,Uni.
1998,5980578,7.0,Uni.
1998,26528185,6.8,Fox
1998,676631,6.7,Sony
1998,77910,5.7,Sony
1997,61363304,6.2,Par.
1999,245852179,7.9,BV
1999,56709981,6.6,BV
1998,94095523,6.8,Sony
1998,70187658,6.4,Par.
1999,28544120,5.5,Par.
1998,40002112,4.7,Sony
2001,45512588,7.7,BV
2001,84056472,6.9,BV
2001,58203105,6.7,Sony
2002,104454762,7.7,DW
2001,3313583,5.3,Par.
2002,336620,6.3,WB
2003,28082366,6.2,Uni.
2002,91047077,5.5,Uni.
2002,69599016,6.1,WB
2003,32551396,5.0,SonR
2002,38082712,5.5,WB
2001,87044645,7.0,Uni.
2003,52802140,6.6,BV
2002,139236327,5.7,BV
2003,110003217,5.5,Dim.
2002,14307963,3.7,WB
2003,20305251,6.3,Fox
2003,48462608,6.8,Uni.
2004,16328471,5.5,WB
2003,34432201,5.2,WB
2004,133378256,7.3,WB
2005,60062868,6.3,Fox
2004,17001133,6.3,Uni.
2004,173008894,6.9,BV
2004,32786074,7.2,Par.
2007,292137260,7.5,WB
2004,13399812,6.2,Par.
2004,21009180,6.1,Fox
2007,97822171,6.8,BV
2006,38399961,6.5,Par.
2006,38432823,7.1,Sony
2006,58645052,4.5,SonR
2006,7022827,6.1,Sony
2006,7802450,6.5,Uni.
2005,82571173,5.5,Fox
2006,163566459,8.0,Sony
2007,13235267,3.2,SonR
2006,70278893,6.0,Par.
2011,142614158,5.4,Sony
2012,49876377,5.9,Fox
2007,38634938,7.6,Par.
2007,13756082,7.8,WB
2008,100468793,6.9,Sony
2007,18317151,6.8,Sony
2006,35818913,7.8,DW
2009,17017811,7.5,Sum.
2008,44089964,6.2,WB
2015,80080379,6.3,Sony
2010,53374681,6.5,WB
2012,304360277,7.8,Sony
2009,75590286,7.6,Sony
2009,166112167,5.8,Sony
2016,232641920,7.5,BV
2010,42779261,4.9,Fox
2010,30212620,5.4,Sony
2012,139854287,6.2,Fox
2014,19075290,5.1,LGF
2010,52000688,6.4,Fox
2012,18620000,6.6,LG/S
2018,137690172,7.4,WB
2013,368061265,7.3,Uni.
2013,90288712,5.7,BV
2012,85028192,6.6,LGF
2013,60522097,4.8,Sony
2018,700059566,7.3,BV
2014,83350911,6.6,Fox
2014,333176600,8.0,BV
2015,44482410,7.4,BV
2014,128002372,5.9,BV
2015,26461644,6.6,WB
2016,486295561,7.2,BV
2015,22764410,4.2,WB (NL)
2014,39322544,6.1,LGF
2016,48390190,6.1,Uni.
2016,57682904,7.2,Par.
2016,63285885,5.4,Uni.
2015,353007020,7.1,Uni.
2015,184296230,6.4,Uni.
2016,91221830,5.9,Uni.
2016,3400278,6.9,Par.
2016,141843612,7.4,Dis.
2016,36880033,6.3,Sony
2014,84273813,5.4,WB (NL)
2017,32187017,5.6,WB (NL)
2015,1872994,6.9,Uni.
2016,60323786,6.2,Fox
2017,86089513,3.4,Sony
releaseYear,lifetime_gross,imdb_averageRating,studio
1939,100138851,7.8,BV
1941,76408097,7.7,Dis.
1950,89325780,7.1,BV
1954,53672080,7.6,Par.
1969,102308889,8.0,Fox
1974,86273333,8.0,Fox
1976,32211330,7.3,Par.
1977,29000000,5.6,Dis.
1977,39588000,6.3,BV
1979,21671241,6.5,Uni.
1980,27107960,6.5,Uni.
1981,34967437,7.3,WB
1981,50427646,6.8,Uni.
1981,26154211,5.0,Fox
1981,12376625,6.6,Par.
1981,35856053,6.7,Fox
1984,36403064,6.6,Uni.
1984,18644570,5.8,Fox
1984,12145169,6.3,Fox
1984,153083102,7.3,WB
1985,14972297,5.1,BV
1985,9708373,7.0,BV
1987,59735548,7.8,Fox
1988,32078318,7.1,Par.
1988,11798302,3.8,WB
1989,19131246,6.0,BV
1989,27545445,8.0,Uni.
1989,111543479,7.6,BV
1989,58571513,6.8,Uni.
1990,21413502,6.4,Fox
1990,19740070,5.6,BV
1991,54830779,6.3,WB
1991,7788597,5.8,WB
1992,40693477,5.8,BV
1992,28590665,5.9,WB
1992,173585516,6.8,Fox
1992,48169910,7.7,WB
1992,50752337,6.5,BV
1992,3067917,6.5,Uni.
1993,17957265,6.1,Fox
1993,63179523,6.2,Fox
1994,16827402,6.2,Fox
1994,42614912,5.5,Par.
1995,24361867,7.4,Sony
1994,18137661,5.6,Par.
1994,33683817,6.5,Fox
1994,38824341,6.7,Uni.
1994,144833357,6.5,BV
1995,30303072,6.3,WB
1995,13071518,6.9,Uni.
1995,19699706,5.2,Sony
1996,560069,6.9,Sony
1996,20080020,5.3,Uni.
1997,44229441,7.3,DW
1997,6492660,6.4,Par.
1997,4529843,4.5,Uni.
1997,49323468,5.5,Fox
1998,161491646,6.1,BV
1998,22852487,6.0,BV
1998,111549836,7.3,BV
1998,5878911,6.1,Sony
1998,2172941,4.0,WB
2000,22753426,6.6,Fox
1999,35188640,6.6,Uni.
1999,34105207,6.5,BV
1998,135026902,6.8,Uni.
1999,24756177,7.2,Sony
2000,36050230,4.8,Sony
2001,139692,6.9,Fox
2000,6291602,5.6,Sony
2001,56569702,6.9,Sony
2000,90464773,6.5,WB
2001,10424470,5.4,Uni.
2001,289916256,8.1,BV
2001,17008282,6.3,WB
2000,14967182,5.1,WB
2000,115654751,7.8,BV
2000,32598931,6.3,WB
2000,38182790,6.8,Par.
2002,741394,6.4,WB
2004,11663156,5.4,DW
2002,43061982,6.2,BV
2001,55001642,6.3,Fox
2002,145794338,7.3,BV
2002,48430258,5.8,BV
2003,3095506,5.4,Uni.
2002,16357770,7.1,WB
2002,14118751,6.9,Uni.
2002,30113491,5.6,WB
2005,51268815,7.2,WB
2003,56127162,5.5,Fox
2003,104297061,5.6,SonR
2003,305413918,8.1,BV
2002,19184820,5.4,Par.
2003,75847266,5.2,BV
2004,58169327,5.8,Par.
2006,198000317,6.4,WB
2015,652270625,6.9,Uni.
2008,318412101,7.9,Par.
2004,176241941,7.7,Uni.
2007,24540079,8.0,LGF
2005,21845719,6.6,BV
2005,35818913,6.8,DW
2005,39053061,6.5,WB
2005,100492203,8.1,WB
2005,63946815,6.3,BV
2005,32868349,5.8,Par.
2008,48006762,6.0,Fox
2007,16383509,6.8,Uni.
2006,36280697,6.1,Fox
2006,84500122,4.8,BV
2006,48548426,2.8,Fox
2007,25612520,5.9,WB
2006,53089891,8.5,BV
2008,134508551,6.7,Uni.
2008,141621490,6.5,BV
2007,43799818,5.2,WB
2008,11803254,5.1,Fox
2008,32235793,3.8,Par.
2008,13011160,7.6,LGF
2011,39565475,5.1,Uni.
2009,31720158,6.7,P/DW
2010,92186262,7.5,WB
2008,52075270,6.5,LGF
2010,217581231,8.1,P/DW
2007,7498716,3.6,Sony
2009,145000989,7.8,Fox
2010,105269730,6.6,Uni.
2009,43337279,4.9,Sony
2012,51774002,4.3,Sony
2008,25534493,6.3,LGF
2009,38122883,6.3,WB
2013,89302115,6.4,BV
2008,14190901,1.9,LGF
2014,99112101,6.0,BV
2010,103068524,6.4,LGF
2010,400738009,6.2,BV
2015,161197785,7.8,Uni.
2013,132556852,6.7,Fox
2011,26692846,7.1,BV
2013,274092705,7.7,WB
2011,55100437,6.1,BV
2014,65014513,6.0,Fox
2012,41152203,5.7,LGF
2015,70259870,7.8,Par.
2014,100206256,7.9,WB
2012,83670083,5.7,WB
2013,150394119,7.0,WB (NL)
2017,64508620,7.2,Uni.
2015,8110975,6.6,WB
2014,115637895,7.2,Uni.
2014,233921534,7.9,Fox
2012,93772375,7.3,Par.
2012,113721571,6.1,WB
2014,23022309,6.2,WB
2014,222527828,7.8,BV
2017,155385488,5.4,Uni.
2015,89256424,6.0,Fox
2016,1935539,5.8,Sony
2014,3322127,6.7,WB
2014,25317379,6.4,Par.
2014,71962800,6.4,Uni.
2015,110212700,6.2,Uni.
2014,705908,6.6,Par.
2015,14440985,6.1,LGF
2015,35088320,5.7,WB
2015,42725475,6.2,Uni.
2016,27383770,6.8,Par.
2018,40891591,7.8,WB
2018,58032443,6.2,Fox
2016,72679278,6.8,WB
2017,1100000,6.3,Uni.
1939,42779261,6.6,Fox
1950,12706478,7.2,BV
1954,36764313,8.5,Par.
1956,58406347,7.0,Fox
1967,167445960,5.0,Sony
1970,5050000,7.0,Uni.
1973,39768000,7.2,WB
1978,81766007,5.8,Uni.
1979,20931111,6.0,Dis.
1979,43885000,6.1,AIP
1980,26010864,8.2,Par.
1980,4309490,6.8,Uni.
1980,44781695,8.4,WB
1981,11099118,7.3,Par.
1982,18196170,6.8,Uni.
1983,30036000,7.5,Uni.
1982,7400000,6.4,BV
1984,17080167,6.0,Uni.
1985,45875171,7.8,Uni.
1985,50612888,6.9,Uni.
1985,75973200,6.1,Fox
1985,55600000,5.7,WB
1986,14205021,5.7,Uni.
1987,153665036,6.5,Par.
1987,51249404,7.2,Fox
1987,14182492,6.7,Uni.
1988,13994920,7.3,WB
1988,18869631,6.0,WB
1988,8038508,7.2,Fox
1988,25537221,6.2,WB
1988,22433275,6.3,Fox
1988,156452370,7.7,BV
1989,251348343,7.5,WB
1989,35150960,6.1,Uni.
1989,71079915,6.2,BV
1991,29888235,6.3,BV
1991,113502426,6.9,Par.
1991,26255594,6.2,Par.
1991,25682090,6.2,WB
1991,36489888,6.6,Par.
1992,122006740,6.3,WB
1992,24276506,6.6,Fox
1992,20883046,6.0,Uni.
1992,52929168,7.6,Fox
1992,14715067,6.9,Par.
1993,68856263,7.0,BV
1993,6995302,7.1,WB
1993,77698625,6.0,WB
1993,32901136,7.7,BV
1993,32434006,7.8,Fox
1994,16820893,5.7,Par.
1994,15240435,5.2,Fox
1994,8880705,6.3,BV
1994,21006361,6.6,BV
1994,141843612,6.0,Dis.
1994,20016254,6.7,WB
1995,14942422,5.9,Fox
1997,2099677,7.0,Sony
1996,38619405,6.8,Par.
1996,48102795,5.7,BV
1997,172956409,6.5,Sony
1997,11438337,4.8,Sony
1997,26673242,6.6,Par.
1998,25232289,7.0,WB
1997,28084357,7.3,BV
1997,5936344,6.4,Fox
1997,64616940,8.2,WB
1997,127120029,6.3,Sony
1997,31407873,5.5,Fox
1998,83488,6.1,Par.
1998,101413188,7.2,DW
1998,55591409,6.1,Par.
1998,9623329,6.0,WB
2002,190418803,6.2,Sony
1999,32547800,7.8,Uni.
1999,4555459,6.8,BV
2000,13042112,7.3,Par.
1999,38178166,7.3,BV
1999,101071502,7.3,Par.
1999,91411151,5.0,DW
2000,113330342,7.2,Sony
2001,25635682,4.8,Par.
2001,64186502,5.4,Par.
2001,144533925,6.8,Uni.
2001,13729742,6.1,Sony
2001,317871467,7.6,WB
2002,94011225,5.4,SonR
2001,5007898,5.7,BV
2002,22448879,6.1,WB
2003,34244097,6.1,Par.
2001,18244060,6.9,DW
2002,41385278,7.1,Uni.
2003,36105433,5.8,WB
2003,4430101,6.4,Par.
2002,116750901,7.2,Uni.
2004,10391003,5.7,Par.
2004,40226215,6.0,Uni.
2003,25942000,6.3,Dis.
2003,30308417,5.3,Uni.
2004,187224490,6.6,WB
2004,120177084,6.1,Uni.
2005,51085416,6.7,BV
2005,72708161,6.4,Uni.
2006,11989328,4.4,SonR
2005,32880591,6.5,Fox
2004,61255921,7.2,Uni.
2006,81612565,7.3,BV
2007,322719944,6.1,P/DW
2006,23151529,7.6,DW
2006,18844784,4.7,Fox
2005,57891803,6.5,DW
2006,70165972,4.8,Fox
2006,15962471,6.5,Sony
2005,48318130,6.7,DW
2006,63450470,6.0,Uni.
2010,30101577,6.4,LGF
2006,57806952,7.0,BV
2006,118703275,5.8,Uni.
2007,1308696,6.0,WB
2007,33302167,6.4,Uni.
2006,33741133,6.4,P/DW
2007,127807262,7.1,BV
2007,8794452,4.7,Fox
2010,19422319,7.7,BV
2007,32417995,5.8,Par.
2008,43945766,6.1,WB
2014,188020017,8.7,Par.
2008,32862104,5.7,Par.
2007,121463226,7.6,Sony
2010,148438600,5.5,Uni.
2017,229024295,6.1,WB
2008,45610425,4.3,BV
2010,13794835,6.3,Uni.
2011,7204138,6.2,Fox
2011,58709717,6.9,Fox
2008,56746769,5.8,LGF
2011,116601172,5.5,WB
2009,40572825,6.1,Uni.
2010,64003625,6.2,Fox
2010,25918920,6.4,Uni.
2011,15428747,7.5,BV
2010,33601190,6.3,Uni.
2013,107100855,7.8,Sony
2012,20275446,6.5,Sony
2012,54760791,6.3,Fox
2018,100478608,4.3,BV
2011,37053924,6.1,Sony
2015,70958,5.9,Sony
2014,259766572,7.8,BV
2014,82390774,6.4,Fox
2016,87242834,6.7,Fox
2016,43034523,7.1,WB
2013,134506920,5.7,Uni.
2014,208545589,7.6,Fox
2015,155190832,6.1,WB (NL)
2013,400738009,7.4,BV
2015,166167230,4.2,Uni.
2015,37446117,7.0,Fox
2015,7696134,5.5,LGF
2016,248757044,7.6,BV
2015,65206105,6.2,Uni.
releaseYear,lifetime_gross,imdb_averageRating,studio
1946,21333333,7.2,RKO
1970,61749765,7.9,Fox
1973,156000000,8.3,Uni.
1974,158119460,7.1,Par.
1979,15014674,5.4,Uni.
1979,11988469,6.6,AVCO
1980,19853892,6.9,WB
1981,108185706,6.8,WB
1981,31206251,7.1,Uni.
1981,19032261,6.6,Par.
1981,10853418,6.6,Par.
1982,2536242,7.8,Fox
1983,2120439,7.2,Uni.
1984,17124395,6.5,Fox
1984,176591618,7.3,Sony
1984,129000,6.9,Uni.
1986,98467863,7.7,WB
1985,61503218,7.7,WB
1986,7177431,6.5,Fox
1986,37191304,7.1,Par.
1986,40456565,7.6,Fox
1986,14302779,6.6,WB
1988,12706478,6.1,BV
1988,28202109,5.7,BV
1988,38413606,7.5,Uni.
1989,241721524,5.2,WB
1990,53208180,6.5,BV
1990,103738726,6.2,BV
1990,55011732,5.4,BV
1990,86303188,6.9,WB
1991,43001500,6.7,Par.
1992,8251071,4.4,WB
1993,44029386,5.0,Fox
1993,63270710,6.9,WB
1993,44789789,6.4,Fox
1995,9914409,7.4,Sony
1994,422783777,8.5,BV
1994,24822619,7.5,BV
1994,20982557,6.6,Uni.
1994,121248145,7.3,Fox
1995,23920048,5.5,BV
1995,63658910,6.9,Uni.
1995,11348324,7.1,Uni.
1995,42512375,8.2,Uni.
1995,100328194,6.2,Uni.
1995,16140822,6.8,Sony
1995,2473668,5.7,BV
1995,8175346,6.3,Par.
1995,18636537,6.5,Sony
1996,5711695,6.3,Sony
1996,32417995,6.2,Par.
1996,4422380,2.7,Uni.
1996,20351264,5.4,WB
1996,32772492,5.9,BV
1996,37771017,6.4,WB
1996,33459416,7.0,Sony
1996,11092559,7.1,WB
1996,21075014,6.1,Sony
1996,56116183,7.7,Par.
1996,5107669,4.1,Sony
1996,671437,7.2,Sony
1998,15064946,6.0,Par.
1997,23144499,5.3,BV
1997,60944660,7.5,WB
1997,16228448,5.1,WB
1997,29481428,6.1,Sony
1997,10925060,5.2,Uni.
1997,181410615,6.9,Uni.
1997,101363301,6.3,Dim.
1999,60652036,7.1,WB
1997,8363899,3.6,Fox
1998,7571115,5.1,BV
1998,67638368,6.6,WB
1998,217049603,8.6,DW
1998,12874899,6.0,Dim.
2005,380270577,7.6,Fox
1998,26875268,6.5,DW
1999,34607430,7.4,Uni.
2001,32720065,4.6,WB
2001,32589624,5.7,Fox
2002,38176783,7.2,BV
2000,89143175,5.6,Dim.
1999,102705852,6.4,Par.
1999,4398989,5.2,Fox
2000,2903404,6.8,BV
2000,233632142,7.8,Fox
2002,118907036,6.4,Par.
2002,73280117,7.2,DW
2001,13596911,6.3,WB
2000,60786269,5.7,BV
2001,198542554,6.2,BV
2001,71107711,6.8,Par.
2002,40077257,5.5,WB
2001,19733089,6.8,WB
2001,23510841,6.5,WB
2001,145103595,6.4,Uni.
2001,13906394,6.2,BV
2002,35168966,6.7,Par.
2002,10200032,5.4,BV
2002,19161999,6.6,BV
2002,25296447,6.8,Fox
2003,6087542,2.6,SonR
2003,42734455,5.5,BV
2003,127154901,5.9,Uni.
2003,47726342,6.6,Uni.
2004,144801023,7.1,Fox
2004,75331600,7.7,Uni.
2004,24020403,7.2,BV
2004,48022900,6.5,Sony
2008,22532572,5.5,Fox
2005,50824620,6.9,WB
2005,3626883,6.7,Fox
2005,63313159,4.8,Sony
2012,44338224,5.1,Fox
2004,48116322,4.4,Fox
2006,17326650,5.4,Fox
2005,74103820,8.0,Dim.
2006,60674817,5.7,WB
2010,415004880,8.3,BV
2006,195330621,6.8,Fox
2007,227471070,8.0,Uni.
2007,33080084,7.7,Par.
2006,75030163,5.1,Fox
2009,13869515,5.8,Uni.
2007,54149098,6.2,WB
2006,4630045,5.9,Uni.
2006,22530295,5.2,Fox
2006,31483450,7.6,Uni.
2015,180202163,7.3,BV
2007,10597734,4.8,BV
2008,32241649,7.1,Uni.
2009,3531756,6.7,Sum.
2011,54712227,7.5,Sum.
2011,73864507,7.5,Par.
2008,31487293,6.6,Sony
2013,116900694,8.2,Par.
2008,6409528,6.2,Fox
2009,150201498,5.7,Par.
2009,196573705,6.9,Fox
2016,15789389,7.3,Fox
2009,44277350,5.8,BV
2010,312433331,6.9,Par.
2011,209397903,7.4,Par.
2013,127352707,6.3,Par.
2011,165249063,7.2,P/DW
2013,9489829,5.7,WB
2010,17804299,6.3,WB (NL)
2012,448139099,8.4,WB
2016,292437,7.0,Sony
2010,119219978,6.6,Sony
2013,268492764,7.2,BV
2013,89107235,7.0,Uni.
2011,117538559,6.9,WB (NL)
2015,56117548,4.3,Fox
2016,20777061,5.0,LGF
2012,30932113,5.7,WB
2013,18494006,6.6,LGF
2013,424668047,7.5,LGF
2015,93436322,6.4,BV
2014,86208010,5.6,Uni.
2015,356461711,8.1,BV
2015,78747585,5.6,Sony
2014,54445357,6.3,WB
2013,15322921,7.8,Uni.
2017,404564861,6.9,Sony
2015,336045770,6.4,Uni.
2015,10219501,5.4,Fox
2016,3712282,6.6,WB
2015,128261724,7.7,Fox
2013,102003019,6.5,Par.
2016,38583626,6.5,LGF
2017,176040665,7.8,Uni.
1942,7000000,7.2,Uni.
1954,928298,7.5,Par.
1955,93602326,7.3,Dis.
1962,65955630,7.9,Par.
1963,91411151,7.4,DW
1965,102272727,7.8,Dis.
1974,7500000,6.7,Uni.
1975,36853000,6.4,Dis.
1975,50000000,8.0,WB
1977,126737428,7.0,Uni.
1978,3446749,7.8,Par.
1978,134451603,7.4,WB
1979,43000000,7.6,Par.
1979,22490039,7.5,Par.
1984,30031783,7.3,Fox
1980,66132626,5.2,Uni.
1982,7983086,5.3,Fox
1983,8400000,6.7,BV
1984,179870271,7.5,Par.
1985,11489982,6.3,Uni.
1986,7153487,7.7,Fox
1987,54731865,6.2,WB
1988,14681192,4.6,WB
1988,40150487,6.4,BV
1988,43184798,6.6,Uni.
1988,16262415,6.9,WB
1988,13008928,7.2,Uni.
1988,45661556,6.8,Fox
1990,10360553,6.8,WB
1991,15565363,5.9,BV
1991,33691313,5.9,WB
1991,43218387,7.3,Fox
1992,217350219,8.0,BV
1992,70052444,5.6,Par.
1992,14110589,4.8,Par.
1992,46666502,5.9,BV
1993,7286388,7.3,Uni.
1992,121697323,7.0,Par.
1993,2850263,6.2,WB
1994,25096862,8.1,Uni.
1993,12526677,6.6,Uni.
1993,3125424,5.9,WB
1993,5632086,6.7,BV
1994,6562513,5.9,Sony
1994,75671125,6.6,Par.
1994,6017509,5.9,Fox
1996,13681765,7.1,BV
1996,1548120,7.6,Sony
1996,9255027,5.3,BV
1996,17380126,6.2,Sony
1996,5781045,5.4,Uni.
1997,20050376,5.4,Sony
1997,50159144,7.0,Par.
1997,101117573,6.9,BV
1998,11203026,6.1,BV
1998,144156605,5.4,Fox
1997,42071069,6.7,Fox
1998,10459961,5.1,WB
1997,3600616,4.8,Sony
1997,1851761,6.7,BV
1999,55691208,7.5,WB
1999,81526121,7.1,Par.
1999,171091819,7.3,BV
1998,57167405,6.5,WB
1999,27807627,6.4,BV
1999,29762011,6.1,Uni.
2000,77122415,6.6,Uni.
1999,163479795,6.4,Sony
1999,6262878,6.2,Sony
2002,403706375,7.4,Sony
2001,131168070,5.7,Par.
1999,11683047,5.8,Sony
1999,152257509,5.6,Par.
2000,39785027,6.6,Fox
2000,73209340,5.8,Sony
2001,5411999,4.8,Fox
2000,5108820,5.9,WB
1999,58223861,6.9,BV
2001,7660806,4.6,Fox
2000,13023075,5.6,BV
2001,202019785,6.4,Uni.
2000,13616610,5.2,Par.
2000,1157764,7.5,Sony
2001,19402030,5.8,Sony
2001,57743062,4.8,SonR
2001,7517191,6.7,DW
2002,164615351,8.1,DW
2002,108638745,7.7,SonR
2002,39089928,5.9,Uni.
2002,7073251,6.1,Sony
2005,4480744,6.3,Dim.
2003,60060328,7.1,Dim.
2004,373585825,7.5,Sony
2005,47398413,7.2,Fox
2003,90135191,7.9,WB
2003,33832741,5.8,Fox
2003,7718961,7.9,Par.
2004,74541707,6.5,BV
2004,67133509,5.8,SonR
2014,26307600,6.5,Uni.
2004,70831760,5.8,Sony
2005,32064800,5.5,WB
2005,234280354,6.5,Par.
2006,132384315,8.5,WB
2005,22991379,6.2,Uni.
2008,50877145,6.1,Uni.
2006,5971336,4.4,Sony
2016,30498085,6.3,Uni.
2007,256393010,7.2,WB
2007,80209692,6.8,P/DW
2007,19661987,7.4,Sony
2008,93466502,7.4,WB
2009,35922978,5.6,Sony
2012,262030663,6.9,Sony
2008,64506874,5.0,Fox
2008,7873007,6.4,Fox
2009,293004164,8.3,BV
2009,88915214,6.4,Sony
2008,35161554,5.9,WB
2013,25135965,6.7,LG/S
2012,15634090,5.4,Uni.
2010,24307086,5.4,LGF
2012,216391482,6.8,P/DW
2010,41034350,5.7,LGF
2012,31051126,6.7,Sony
2012,103412758,7.2,P/DW
2010,21148651,7.3,LGF
2011,37915414,4.4,Fox
2013,122523060,5.7,Par.
2015,47387723,5.3,WB
2014,102427862,6.8,Fox
2012,86907746,6.1,WB
2015,123087120,6.7,BV
2017,33700160,5.3,WB
2018,69179066,6.9,WB (NL)
2016,368384330,6.5,Uni.
2015,46889293,7.7,LGF
2015,72313754,7.6,BV
releaseYear,lifetime_gross,imdb_averageRating,studio
1933,218080025,7.9,Uni.
1939,18272894,7.3,WB
1943,4108411,8.5,WB
1958,2247465,8.0,Uni.
1959,61123569,6.4,BV
1960,1830650,7.9,Uni.
1967,144156605,6.1,Fox
1971,14967182,7.3,WB
1972,84563118,7.1,Fox
1976,51079064,6.9,Fox
1977,25942000,6.3,Dis.
1977,25933445,6.8,Fox
1978,44364244,6.9,Par.
1979,16424918,7.7,Fox
1980,70687344,6.1,WB
1980,37121708,7.1,Fox
1980,67182787,7.5,Uni.
1981,19501238,7.4,Sony
1982,1515578,5.9,Fox
1982,5229643,5.8,Par.
1982,46509,7.0,Par.
1983,108423489,7.4,Par.
1984,2181987,8.1,Fox
1985,41410568,7.3,WB
1985,23834048,6.6,Uni.
1986,70136369,7.8,Par.
1986,43579163,5.4,WB
1986,109713132,7.3,Par.
1987,5715174,5.7,Fox
1987,30063289,5.1,Fox
1987,15681020,3.7,WB
1989,20047604,6.4,BV
1990,33878502,6.4,Uni.
1990,24707633,4.4,Uni.
1990,46836214,8.7,WB
1991,77868585,6.7,Uni.
1991,38120905,6.9,BV
1991,394631,7.3,WB
1992,55956187,6.3,WB
1994,29296,6.3,Fox
1994,30806194,5.3,BV
1994,3783003,5.3,Par.
1995,8247627,5.9,BV
1995,173837933,7.7,Uni.
1995,5750110,6.5,Sony
1995,25588734,6.3,Uni.
1995,56631572,6.9,Par.
1995,19474589,5.9,WB
1995,7603766,6.4,Par.
1995,5221281,5.4,BV
1995,67659560,6.6,WB
1995,50008143,6.7,Fox
1996,21226204,5.6,Fox
1996,153952592,7.3,Sony
1996,22754725,5.7,Sony
1996,10082005,6.2,Sony
1996,46151454,6.5,Fox
1996,104636382,6.4,BV
1996,33109743,4.5,Sony
1997,31480418,5.5,Sony
1997,3566637,6.9,WB
1997,63856929,6.4,Par.
1997,4166918,5.6,BV
1997,43700855,7.0,Fox
1997,48608066,3.9,Fox
1998,397020,6.7,Sony
2000,106834564,7.1,DW
1998,10680275,7.5,Uni.
1998,115821495,6.7,WB
1999,23159305,8.1,WB
1999,11916661,7.0,Sony
1999,29089912,7.8,BV
1999,52888180,5.5,DW
1999,97403112,4.2,BV
2000,30919168,6.7,DW
1999,19288130,6.7,BV
1999,6203044,8.0,BV
1999,293506292,8.2,BV
1999,130096601,8.3,DW
2000,21471685,2.5,WB
1999,40846082,5.6,WB
2000,17872723,6.9,DW
2002,1871025,7.0,Uni.
2001,25543895,5.9,Uni.
2001,183417150,7.7,WB
2001,13558739,5.3,SonR
2001,56618055,6.5,Par.
2002,176387405,7.5,Fox
2002,41076018,6.2,Par.
2003,41675994,7.5,Par.
2002,67355513,7.2,WB
2002,32130627,5.9,WB
2004,441226247,7.3,DW
2003,17781006,7.2,WB
2003,101149285,4.1,Uni.
2003,63536011,5.4,Sony
2003,111127263,7.8,WB
2003,85336277,6.8,BV
2003,30940691,5.3,SonR
2003,27011180,6.5,SonR
2005,5576743,8.2,BV
2013,58236838,7.3,Fox
2004,14470947,5.3,Fox
2005,110332737,6.2,Sony
2005,56386759,5.5,Uni.
2005,51100486,5.9,Fox
2006,61123569,4.4,BV
2007,15539051,5.9,Sony
2009,107509799,7.6,WB
2007,336530303,6.3,Sony
2009,302089278,7.6,WB
2007,15074191,5.9,WB
2006,63224849,6.9,Sony
2008,40689393,5.3,Fox
2008,9793406,7.2,Uni.
2007,39739367,2.4,Fox
2008,134806913,6.6,Uni.
2009,55250026,5.8,WB (NL)
2009,93953653,6.4,WB (NL)
2008,94514402,3.9,BV
2010,67061228,5.5,Sony
2011,23186769,5.8,Fox
2008,192769854,5.3,Sum.
2010,15541549,7.2,Sum.
2011,123477607,7.2,Par.
2011,75605492,7.6,Sony
2010,95347692,4.5,WB (NL)
2013,38362475,6.2,Uni.
2010,162001186,6.0,Sony
2011,62495645,7.0,Uni.
2011,68224452,6.0,Fox
2014,134938200,6.1,Uni.
2013,66380662,6.8,LG/S
2011,16311571,6.3,Par.
2011,8305970,6.3,Uni.
2012,17742948,7.9,LG/S
2014,47047013,6.8,WB
2017,92054159,8.0,WB
2016,61433527,7.1,LG/S
2014,337135885,6.6,LGF
2015,5775076,5.9,Fox
2015,350126372,7.3,WB
2013,16973715,5.4,Fox
2013,44672764,6.3,Fox
2014,51183113,6.4,BV
2015,169700110,6.6,Sony
2014,59700064,5.7,Fox
2016,408084349,7.8,BV
2016,55124043,6.3,Sony
2018,67745330,5.7,Uni.
2017,11962778,6.5,Sony
1938,184925486,7.6,Dis.
1951,2080321,7.8,Sony
1954,4335968,7.5,WB
1960,32000000,8.5,Par.
1969,51264000,6.5,Dis.
1969,638641,7.9,WB
1970,18999718,6.0,Fox
1974,23649127,7.5,WB
1975,18600000,7.3,WB
1975,112892319,7.4,Fox
1976,31800000,7.8,WB
1979,86432000,6.2,AIP
1981,16000000,5.0,BV
1981,63456988,7.2,BV
1981,150157400,5.5,Uni.
1981,248159971,8.4,Par.
1983,34725000,6.6,Uni.
1984,38348988,5.5,WB
1984,81198894,6.7,WB
1985,76113124,6.7,Fox
1985,36230219,6.2,WB
1986,11957943,6.8,Uni.
1986,1953732,5.4,WB
1986,5900000,7.0,Fox
1986,49851591,6.0,Uni.
1986,8200000,6.9,Fox
1987,16337355,5.1,WB
1988,18924919,5.4,Fox
1989,34670720,7.6,WB
1988,17637950,6.9,WB
1989,289323,6.2,Par.
1989,22103037,6.3,Uni.
1989,95860116,8.1,BV
1990,106593296,7.3,WB
1989,20021322,5.1,Fox
1989,11604598,6.2,BV
1989,18699037,5.8,WB
1989,63408614,6.4,WB
1990,28501605,5.9,Uni.
1992,2641357,6.9,Fox
1991,165493908,6.9,WB
1991,336396,6.0,Par.
1992,29000301,5.3,BV
1992,58662452,4.9,BV
1992,20146880,7.0,Par.
1993,5795524,7.8,WB
1993,40903593,7.6,WB
1993,19885552,6.5,Par.
1993,183875760,7.8,WB
1993,24760338,6.7,WB
1993,7266383,7.4,Par.
1995,108385533,6.4,WB
1995,60079496,6.8,Sony
1995,9685976,5.7,Sony
1995,184069126,5.4,WB
1995,23440188,6.5,WB
1995,35656131,6.0,Par.
1995,36853222,6.4,WB
1995,16115878,6.4,Dim.
1996,9871065,5.3,Fox
1996,38824099,7.0,Uni.
1996,58620973,5.8,BV
1996,41083864,6.6,Sony
1996,21686547,5.6,Uni.
1996,90418342,6.5,WB
1996,21440752,5.9,Par.
1998,375805,2.9,Sony
1997,34673095,6.1,WB
1997,14515490,5.4,Sony
1997,92977226,5.3,BV
1997,12532777,7.7,Sony
1999,1940299,5.6,WB
1997,29022252,6.1,Fox
1998,125618201,8.2,Par.
1997,36400360,5.9,WB
2001,31602566,6.7,Fox
1998,12069719,4.9,BV
1998,23245840,6.9,Uni.
1999,106885658,6.7,WB
1999,37030102,8.8,Fox
1999,52894169,6.5,Par.
1999,2005840,6.2,Sony
2000,187152,6.2,WB
2000,125305545,5.6,Sony
2000,70334258,6.0,Par.
2001,7220243,7.9,Uni.
2004,59623958,6.8,SonR
2000,28912646,7.3,Sony
1999,71583916,7.4,DW
2000,69243859,5.9,Sony
2000,35046120,5.6,Uni.
2000,17266359,6.6,DW
2002,30354442,3.9,Dim.
2002,7267307,6.4,BV
2001,108248956,6.4,BV
2003,116934650,6.0,Sony
2001,62362560,7.1,Uni.
2002,81172560,5.2,BV
2002,3065921,6.8,Sony
2004,279261160,6.3,Uni.
2003,135645823,6.2,SonR
2003,49443628,7.1,Fox
2002,93354851,6.1,WB
2004,13562325,4.8,DW
2004,57231747,6.3,SonR
2004,12195626,6.1,WB
2004,20698668,5.3,SonR
2004,42726869,6.4,Sony
2007,47000000,6.0,CIP
2005,25514517,7.8,Uni.
2005,45806659,6.5,Uni.
2004,110359362,5.9,Sony
2006,47144110,6.6,Uni.
2006,7221458,6.1,Sony
2007,52898073,7.3,P/DW
2006,47403685,7.5,Uni.
2007,100462298,5.4,Uni.
2005,62658220,7.0,Uni.
2006,28142535,5.8,WB
2006,18597342,5.4,Fox
2007,82280579,6.3,Par.
2006,64038616,7.1,BV
2013,95020213,7.5,WB
2012,124987023,7.9,Fox
2009,49438370,5.3,Uni.
2006,80197993,5.9,Par.
2008,42754105,7.0,LGF
2006,75628110,5.6,Uni.
2006,60922980,5.5,Fox
2007,7057600,6.2,LGF
2012,31847881,6.9,WB
2006,250863268,6.5,Fox
2013,22537881,5.9,WB (NL)
2016,47365290,6.7,Uni.
2010,32010860,6.4,Par.
2010,1755212,7.7,WB
2010,53032453,6.5,Sum.
2012,303003568,7.8,WB (NL)
2007,217326974,5.2,Fox
2008,100018837,5.6,Sony
2011,36392502,6.0,WB
2010,26593646,6.6,Fox
2015,52076908,7.5,Par.
2009,49200230,7.3,WB (NL)
2015,17223265,5.5,Uni.
2011,40962534,7.1,Sony
2011,58009200,7.3,LGF
2012,138447667,7.2,Sony
2013,46000903,6.7,WB
2012,60457138,6.4,WB
2017,174340174,7.5,Fox
2013,12050299,6.3,LGF
2016,28848693,4.7,Par.
2011,104028807,5.8,Par.
2012,11682205,5.9,LG/S
2015,87044645,6.0,Uni.
2013,68559554,5.7,Fox
2014,38543473,5.1,Sony
2014,150157400,6.3,Uni.
2017,45852178,4.7,Fox
2013,101157447,7.0,WB
2017,209726015,8.4,BV
2015,90411453,6.0,WB
2018,54730625,6.5,WB (NL)
2014,59165787,5.9,BV
2014,7057600,7.8,LGF
2016,58697076,6.1,Par.
2017,51342000,7.1,Uni.
2016,36261763,7.4,WB
2018,12695691,5.7,Fox
2016,79213375,6.0,Uni.
2016,55455765,5.7,Uni.
2017,114581250,4.6,Uni.
2017,226008385,6.6,Uni.
2017,42873127,7.5,LGF
2018,188024361,7.5,Par.
releaseYear,lifetime_gross,imdb_averageRating,studio
1927,1236166,8.3,Par.
1932,155385488,7.0,Uni.
2004,136314294,7.5,Sony
1976,60922980,7.5,Fox
1976,36145695,6.7,Fox
1980,9709597,7.2,Uni.
1981,24058838,7.4,WB
1981,6400000,5.9,Fox
1982,23667907,7.6,WB
1982,14000000,7.7,Uni.
1983,17233166,6.0,Fox
1983,67642693,6.6,WB
1983,30503151,6.3,Par.
1985,7840873,6.2,Par.
1985,441137,4.5,Uni.
1987,25205460,6.4,Fox
1986,36611610,6.3,Par.
1986,42724017,6.8,WB
1986,179800601,6.9,Par.
1987,22257624,6.2,BV
1987,156645693,6.9,Par.
1988,25216243,6.3,Fox
1988,5194491,6.1,WB
1988,43047372,6.1,Sony
1988,7467504,6.6,WB
1989,3468572,7.2,Uni.
1988,19652638,6.9,Par.
1989,7723506,6.2,BV
1989,66758538,7.1,Uni.
1989,10555348,6.1,Par.
1990,15691192,5.6,WB
1990,11567449,6.3,Uni.
1990,15379253,6.4,BV
1991,11336986,5.8,Uni.
1991,24277858,6.4,Fox
1991,63707829,7.0,BV
1991,34793160,6.7,BV
1992,17129026,5.4,WB
1992,20006730,5.6,Fox
1992,7306242,6.3,BV
1993,63095253,8.0,Uni.
1993,11502976,7.4,Uni.
1993,53443066,4.9,Uni.
1993,16589540,7.0,Uni.
1993,36300000,5.1,Par.
1993,1029721,6.4,Par.
1994,19306362,6.4,WB
1994,38087756,5.4,WB
1994,33423521,4.0,Uni.
1994,146282411,7.3,Fox
1995,37600435,6.0,Sony
1995,30077111,5.1,WB
1995,17014653,4.3,Sony
1995,24670346,5.2,BV
1995,67052156,6.0,Fox
1996,2042530,4.8,WB
1996,516349,4.9,BV
1996,21576954,5.8,Uni.
1996,26570048,5.9,Par.
1996,21302121,5.5,Sony
1996,46351345,6.7,Fox
1996,26960191,5.3,BV
1996,108766007,7.5,WB
1997,27873386,6.9,Fox
1998,5684789,7.0,BV
1997,1935539,5.2,Sony
2005,56117548,5.7,Fox
1998,19870567,5.9,Par.
1999,12017369,5.5,DW
1998,25605015,6.5,Sony
1999,17105219,7.6,BV
1998,40981289,6.4,Fox
2001,74078174,6.4,Par.
2000,55973336,6.1,WB
2003,26483452,6.7,DW
2000,260044825,6.3,Uni.
2000,50699241,7.6,Uni.
2001,91057006,6.2,Par.
2001,18150259,5.8,Sony
2002,1203794,7.3,Dim.
2001,93607673,5.7,SonR
2002,50547998,5.4,DW
2002,262233983,7.4,WB
2003,31186896,5.5,Par.
2004,261441092,8.0,BV
2006,155019340,6.7,P/DW
2004,21215059,4.1,WB
2004,84216833,5.2,WB
2004,64378093,7.4,BV
2005,75976178,7.0,WB
2005,76231249,5.4,DW
2006,58360760,6.5,Uni.
2007,206445654,8.1,BV
2006,73661010,6.6,Sony
2009,77233467,6.7,WB
2005,24402491,6.0,BV
2012,73078100,6.6,BV
2006,148213377,6.6,Sony
2006,26024456,7.2,LGF
2006,59843754,5.5,SonR
2017,412563408,7.4,WB
2008,49554002,6.6,Fox
2006,62514415,6.0,Uni.
2007,47642963,6.8,BV
2006,37327390,6.2,Uni.
2008,39394666,7.0,WB
2010,61979680,5.8,Uni.
2013,33618855,5.6,Uni.
2008,20211394,6.7,WB (NL)
2008,15298133,5.3,LGF
2007,11892415,6.2,Uni.
2014,56280355,6.2,Uni.
2008,168368427,6.6,Sony
2008,102491776,5.2,Uni.
2008,76808654,6.1,Fox
2008,80277646,6.1,Fox
2011,21443494,4.9,Sum.
2010,47059963,5.4,LGF
2009,277322503,7.7,WB
2009,16204793,5.5,Fox
2009,12234694,5.6,Fox
2009,107918810,6.3,Par.
2011,100292856,5.6,Sony
2010,19068240,7.1,Sum.
2013,228778661,7.7,Par.
2011,169106725,6.8,Uni.
2010,21393620,4.5,Uni.
2015,27367660,5.9,LG/S
2014,5571497,6.4,LGF
2011,37520095,6.7,Fox
2015,34030343,6.4,LGF
2015,32363404,6.5,WB
2012,155332381,6.1,Uni.
2012,67544505,6.2,Uni.
2015,31569268,6.8,Sony
2014,150947895,6.6,LG/S
2016,35593113,5.9,LGF
2014,101200044,5.8,Par.
2014,84525432,4.9,WB (NL)
2013,83301580,7.5,BV
2016,34916787,5.2,Sony
2014,131538435,6.3,Fox
2015,195042377,7.4,Par.
2013,30664106,6.3,BV
2015,110825712,7.0,Fox
2016,155442489,6.9,Fox
2016,64063008,5.7,Fox
2017,146880162,7.4,Fox
2016,55483770,6.3,BV
2017,168052812,6.7,WB
2018,678815482,8.4,BV
1951,487391,8.1,Par.
1962,79091969,7.7,Uni.
1972,26589355,8.3,WB
1972,9043472,6.1,Fox
1974,79666653,5.9,Uni.
1978,189969103,7.2,Par.
1979,9346177,6.3,WB
1981,12480249,6.4,Par.
1982,15782759,5.9,Fox
1983,760883,6.5,Fox
1983,33759266,5.0,Fox
1985,26657534,6.7,Fox
1987,46357676,8.3,WB
1987,20419446,5.2,BV
1988,3838793,5.5,WB
1990,70001698,7.2,Uni.
1990,66666062,7.6,Par.
1990,8862354,6.5,Fox
1991,79091969,7.3,Uni.
1991,33669178,6.0,Fox
1996,15618626,7.4,Sony
1991,11128309,4.9,BV
1991,14960255,5.2,Uni.
1992,4096030,4.7,Fox
1992,2827107,7.1,WB
1992,21370057,6.1,Uni.
1993,48919043,6.8,Par.
1993,13609396,5.8,WB
1993,41833324,6.9,BV
1993,3283371,6.5,Fox
1994,4630377,6.6,WB
1994,13642861,7.0,Uni.
1994,46816343,6.5,Uni.
1994,8647042,5.9,BV
1995,71516617,7.6,WB
1995,81022101,5.3,Par.
1995,34244097,5.9,Par.
1995,10015449,7.6,WB
1995,50024083,5.5,WB
1996,20340204,6.2,Sony
1996,22955097,5.5,BV
1996,105489203,6.4,Par.
1997,13323144,6.7,Sony
1996,100138851,7.0,BV
1996,2654308,6.9,Par.
1997,332597,6.8,Sony
1997,105263257,5.5,BV
1998,14594226,6.0,WB
1998,10319915,4.8,Sony
1998,3572443,4.7,WB
1998,100494675,5.9,Par.
1999,81298265,7.4,Par.
1999,87704396,6.3,Fox
1999,31770414,5.8,Fox
1999,16649768,6.6,WB
1999,10827810,7.6,Fox
1999,30636478,5.2,Par.
1999,34102780,6.7,Uni.
2001,40222729,6.4,Par.
2001,4781539,5.7,BV
2000,57262492,6.7,WB
2003,105813373,6.5,Par.
2002,4850753,6.5,DW
2002,227966634,6.8,BV
2003,19955598,7.5,Uni.
2003,63860942,6.5,SonR
2003,242829261,6.8,Uni.
2003,106128601,7.0,Par.
2005,42071069,6.2,Fox
2004,17071962,5.6,DW
2006,12512886,5.2,SonR
2005,128200012,6.4,Fox
2004,9055921,5.1,Fox
2005,26850426,6.3,Par.
2004,95170481,5.8,BV
2008,101704370,5.8,WB (NL)
2006,36323505,6.4,Uni.
2004,28544157,7.5,LGF
2006,22545080,5.6,Uni.
2005,67264877,7.3,Par.
2005,19398532,6.3,Uni.
2002,63946815,6.1,BV
2006,85105259,6.1,Sony
2006,17127992,5.8,BV
2006,40660952,7.5,Sony
2006,23086480,5.0,BV
2006,103365956,6.6,P/DW
2006,57377916,8.0,WB
2014,101530738,7.2,Sony
2006,7191830,5.5,Uni.
2007,66661095,7.0,Uni.
2007,47852604,5.9,Sony
2011,45060734,5.9,WB (NL)
2006,19185184,6.2,WB
2008,10915744,6.4,Par.
2007,117154724,6.9,WB
2007,50572589,6.5,WB
2007,130164645,7.8,Uni.
2008,30691439,6.1,Fox
2012,80070736,7.0,Par.
2007,9534258,6.7,Fox
2009,133375846,6.7,Sony
2010,60022256,5.0,Fox
2009,28596818,6.3,P/DW
2013,21488481,7.5,Fox
2008,19806188,4.7,LGF
2010,238736787,6.3,P/DW
2009,58715510,5.5,Fox
2016,126643061,6.2,WB
2010,131772187,4.0,Par.
2010,118311368,6.4,Sony
2008,110101975,6.0,BV
2008,17432844,5.9,P/DW
2009,15515460,6.5,Uni.
2010,52474616,6.2,Fox
2014,125095601,7.5,Uni.
2009,94125426,7.0,Sony
2013,258366855,7.8,WB (NL)
2009,83823381,7.4,Par.
2011,88631237,7.1,BV
2011,80360843,5.2,Sony
2010,100539043,6.5,WB
2012,35353000,5.7,Fox
2011,254464305,6.5,WB
2012,126477084,7.0,Fox
2011,37662162,5.4,WB
2012,218815487,6.9,Uni.
2012,45290318,6.4,Sony
2017,50701325,5.6,Sony
2012,37134215,5.8,Par.
2013,150117807,7.2,Sony
2013,83028128,6.4,Fox
2014,245439076,5.6,Par.
2013,133668525,5.4,Sony
2016,143528619,7.1,Fox
2015,200074609,6.8,Sony
2015,19375982,7.3,LGF
2016,82051601,5.9,Par.
releaseYear,lifetime_gross,imdb_averageRating,studio
1946,12376625,7.4,Par.
1955,2844379,7.5,Sony
1958,40456565,7.1,Fox
1961,66308518,7.2,BV
1967,23562716,7.5,BV
1971,12348905,6.3,Fox
1973,15700000,7.4,Uni.
1976,2783840,6.8,Par.
1977,26414658,6.4,WB
1979,74865517,6.1,WB
1979,22228000,7.3,Fox
1980,22482952,7.1,Fox
1980,46918287,6.4,Par.
1981,14905359,6.3,Uni.
1982,119285432,7.6,Uni.
1983,21156152,6.1,WB
1983,92921203,6.2,Par.
1983,59950623,5.0,WB
1984,31042035,5.9,Uni.
1984,80035402,6.6,Par.
1984,76572238,6.9,Fox
1984,69821334,6.3,BV
1985,40833132,6.5,Uni.
1985,12361866,6.4,Par.
1986,3272593,7.4,WB
1986,8988731,5.5,WB
1987,13110903,5.9,Par.
1987,12396383,6.4,Fox
1988,7282851,6.4,Uni.
1988,2835116,7.6,WB
1989,15942628,5.8,WB
1989,57469467,6.5,Par.
1991,69467617,6.7,Fox
1991,70405498,8.0,WB
1991,59509925,7.0,WB
1991,20246790,5.9,Uni.
1992,7191399,6.4,Par.
1992,58422650,6.6,Uni.
1992,144731527,6.7,WB
1992,2034470,5.3,WB
1992,57138719,6.4,Fox
1993,11146270,6.2,Uni.
1993,106614059,6.0,Par.
1993,5145823,6.5,Fox
1993,3335984,5.4,BV
1993,23032565,6.5,BV
1994,18272894,6.0,WB
1994,1316865,6.1,Uni.
1995,15116634,4.7,Dim.
1995,12201255,5.3,Sony
1995,34693481,5.6,BV
1995,13406717,4.7,BV
1995,15453274,5.3,BV
1995,141579773,6.7,BV
1995,21284514,6.8,Sony
1996,57141459,8.0,Uni.
1996,8008255,5.5,Fox
1996,2420162,4.9,Sony
1996,28946127,6.7,BV
1996,60592389,5.7,Fox
1996,136492681,6.7,BV
1998,26420672,6.8,Fox
1997,4366722,6.3,Fox
1998,192769854,6.2,Sum.
1998,136314294,5.4,Sony
1999,136801374,8.6,WB
2000,215409889,6.1,Par.
1999,36850101,5.1,BV
1998,18912328,6.4,Par.
2002,310676740,6.6,Fox
1999,14902041,7.3,Par.
2000,137748063,6.4,BV
2001,58856790,6.4,Fox
2004,41821986,5.1,WB
2001,21974919,6.6,Fox
2007,35552383,7.9,Uni.
2001,78616689,7.2,WB
2001,19753553,5.1,WB
2002,11260096,7.0,Uni.
2001,29831583,5.4,BV
2001,93385515,5.1,WB
2002,29760152,5.8,SonR
2002,52775765,6.7,Fox
2001,228194,6.1,BV
2002,30323400,6.1,Uni.
2003,15550605,4.7,Dim.
2003,36381186,5.6,Sony
2002,40007742,5.7,Sony
2003,60476872,6.2,BV
2002,40390647,5.7,Uni.
2002,35081594,5.5,BV
2003,3212310,6.3,DW
2006,134029801,6.9,Par.
2003,6130049,4.8,Fox
2004,8725813,5.8,Par.
2004,4434432,6.5,WB
2004,26890041,6.2,WB
2005,16809014,5.1,Fox
2006,167445960,8.0,Sony
2007,39568996,6.6,Sony
2007,36787257,5.8,P/DW
2006,10144010,7.2,WB
2007,319246193,7.0,P/DW
2007,11052958,6.4,WB
2007,31664162,7.4,WB
2008,67294270,6.8,Uni.
2005,21448782,3.7,AVCO
2012,182207973,7.3,BV
2007,118594548,6.3,P/DW
2008,8050977,5.9,LGF
2006,42285169,5.5,WB
2007,36605602,7.6,Par.
2008,535234033,9.0,WB
2007,7025810,6.1,LGF
2011,39046489,5.8,WB
2006,43545364,7.0,WB
2009,28544157,7.1,LGF
2009,16123323,5.6,Par.
2008,144169664,6.5,Uni.
2010,110485654,5.7,WB (NL)
2009,15743471,7.6,BV
2008,13367624,6.7,P/DW
2008,19219250,5.8,LGF
2012,77267296,6.0,Fox
2012,35291068,6.9,BV
2010,176591618,6.2,Sony
2009,24007324,5.7,WB
2010,60974475,6.3,Uni.
2010,98711404,6.3,Fox
2016,46843513,6.1,WB (NL)
2011,21392758,5.4,BV
2009,158348367,5.8,Par.
2012,183637894,6.3,Fox
2018,58250803,6.3,WB
2011,75624550,7.1,Fox
2012,103860290,5.7,WB (NL)
2012,65422625,5.8,Uni.
2011,10721033,5.4,Sum.
2012,66528000,6.4,Uni.
2012,57011521,6.7,Uni.
2011,42587643,5.9,WB (NL)
2012,54731865,6.7,WB
2011,52698535,6.6,Fox
2016,183637894,8.0,Fox
2012,25888412,5.2,LG/S
2012,4636169,5.6,Par.
2012,49008662,6.3,Fox
2014,191719337,7.0,Sony
2017,74262031,6.4,Fox
2013,19316646,5.6,Fox
2014,10171304,5.2,WB
2015,81476385,6.3,Uni.
2015,22467450,5.7,Fox
2014,126663600,6.4,Uni.
2017,84410380,6.7,Fox
2017,152901115,6.7,BV
2016,11989328,6.1,SonR
2016,67268835,6.3,WB (NL)
1942,102247150,7.3,RKO
1953,32064800,7.0,WB
1953,659363944,7.0,Par.
1963,7705225,8.3,Par.
1960,40356000,7.1,Dis.
1972,134966411,9.2,Par.
1972,14973382,8.0,Fox
1973,232906145,8.1,WB
1976,8091910,7.6,Par.
1977,31063038,6.6,Fox
1977,71215869,6.9,Dis.
1979,8400000,5.0,AIP
1980,8415112,4.8,WB
1980,24265659,6.1,WB
1980,4000000,7.9,Fox
1981,18826490,5.3,WB
1983,64783827,6.6,Fox
1984,28078073,5.0,WB
1984,23859382,6.2,Fox
1984,48143579,6.3,WB
1985,10609321,7.6,WB
1985,87071205,7.1,Uni.
1985,19739575,6.8,Par.
1986,174803506,6.6,Par.
1986,85160248,8.4,Fox
1986,25147055,5.9,Fox
1986,26285544,6.0,WB
1987,22238696,7.7,WB
1987,29760613,6.1,Uni.
1987,65207127,7.6,WB
1987,30857814,8.0,Fox
1987,66995879,6.5,Uni.
1987,65673233,6.7,BV
1988,24720479,7.0,Uni.
1988,78756177,7.6,Par.
1988,19595031,6.4,Uni.
1989,46212055,6.6,Par.
1989,3563162,6.5,Par.
1989,2777280,6.2,Fox
1989,52210049,5.5,Par.
1989,86888546,6.8,Fox
1990,82670733,6.1,Par.
1990,46044396,5.9,Fox
1990,44143410,6.5,Fox
1991,9804775,5.7,Par.
1991,101599005,6.3,Fox
1992,13086430,7.1,Uni.
1992,16624456,5.7,Fox
1992,13272113,6.1,WB
1992,83351587,6.8,Par.
1992,9011574,6.0,WB
1994,428868,6.0,WB
1993,3418141,4.9,BV
1993,38922972,6.6,Fox
1993,12440858,5.6,BV
1994,9979683,5.8,Par.
1995,66638883,7.5,Sony
1994,101631272,7.0,WB
1994,11439193,6.9,BV
1994,16487349,5.5,BV
1995,33177694,6.5,Sony
1995,17519169,6.5,Par.
1995,69684532,5.5,Fox
1996,43182776,7.7,Sony
1995,20350171,5.8,Uni.
1995,9418365,5.6,Uni.
1996,63118386,6.8,Par.
1996,25785603,6.1,Fox
1996,18626419,5.9,Sony
1997,26570463,5.1,BV
1997,58406347,7.1,Fox
1997,99112101,7.3,BV
1997,41230799,6.9,Par.
1999,82280579,4.1,Par.
1998,44547681,7.3,WB
1998,30147739,6.6,Sony
1999,116741558,6.5,Par.
2000,10827816,7.0,Sony
2000,101648571,6.5,BV
2000,125595205,7.4,Uni.
2000,33772838,6.7,Fox
2000,48818921,7.2,Fox
2001,2552992,7.2,WB
2000,117559438,5.2,Fox
2000,1115313,6.6,Sony
2001,112952899,4.7,Fox
2001,23980304,4.7,BV
2002,24718164,5.2,Sony
2001,28734552,6.4,Sony
2002,17600423,5.9,Uni.
2003,26793311,6.4,Sony
2001,36706141,6.5,BV
2002,75600072,6.9,BV
2002,6630252,6.2,WB
2003,47901582,5.3,BV
2003,56359780,6.3,Sony
2002,33561137,5.4,Sony
2002,129128133,7.1,DW
2003,20453431,5.7,WB
2007,5758950,5.9,WB
2004,85417988,7.1,Par.
2003,138614544,5.9,Fox
2004,77872883,7.4,DW
2008,317101119,6.2,Par.
2008,120146040,5.7,WB (NL)
2006,234362462,6.6,Fox
2004,86058055,7.1,Par.
2005,2080321,6.8,Sony
2005,25473352,5.6,BV
2007,210614939,7.6,WB
2007,58867694,6.7,Sony
2006,88715192,5.6,Par.
2007,47536778,7.0,Uni.
2007,53695808,7.0,WB
2008,215434591,7.6,P/DW
2007,35017297,5.6,LGF
2009,63414846,7.1,WB (NL)
2008,26814957,6.7,Sony
2006,50866635,7.8,BV
2010,90759676,6.6,BV
2009,37017955,7.1,Uni.
2009,55389516,5.8,LGF
2007,90648202,6.4,BV
2008,69951824,7.6,Sony
2013,107518682,6.6,Fox
2010,80574010,5.8,Sony
2009,64167069,6.4,WB (NL)
2008,152647258,5.7,WB (NL)
2009,18451251,6.3,WB
2009,67172594,5.7,BV
2010,10547117,4.7,WB
2009,42100625,6.6,Uni.
2010,128012934,8.2,Par.
2009,97104620,7.0,Uni.
2016,72082998,7.2,Par.
2009,51855045,6.3,Uni.
2010,67631157,6.0,Sony
2011,30441326,5.6,Fox
2012,27108272,7.4,WB
2015,25020758,6.9,WB
2015,154058340,8.1,WB
2010,25702053,5.7,BV
2016,24252420,6.5,Uni.
2010,84752907,5.7,Par.
2011,79884879,7.2,BV
2011,37306030,6.5,WB
2014,177002924,7.8,Fox
2014,36457627,7.0,BV
2011,127004179,7.0,Par.
2015,3703046,6.3,Par.
2013,61737191,6.6,LG/S
2015,17766658,7.2,Uni.
2014,43577636,6.4,BV
2015,130178411,7.0,Fox
2016,77041381,6.2,BV
2016,158848340,7.0,Par.
2014,113746621,6.2,Fox
2015,34580201,5.1,WB (NL)
2016,330360194,6.5,WB
2017,315058289,7.9,BV
2017,389813101,7.6,BV
2017,25584504,5.6,WB (NL)
2017,100234838,6.7,Fox
2017,22105643,5.2,Sony
2017,138291365,7.3,Uni.
releaseYear,lifetime_gross,imdb_averageRating,studio
1941,16361885,7.7,WB
1950,63463,8.2,Fox
1955,10555348,7.4,Par.
1966,28000000,8.0,WB
1967,104945305,8.0,AVCO
1971,10600000,6.9,Uni.
1972,66000000,7.7,WB
1973,29800000,7.7,Par.
1973,87044645,6.9,Uni.
1976,70600000,7.9,WB
1979,48979328,8.1,Uni.
1979,80931801,8.5,Fox
1979,26079312,6.9,Par.
1980,14504277,5.2,WB
1981,7886857,5.9,Uni.
1981,25533818,6.5,Uni.
1982,27092880,7.1,Uni.
1982,9077269,6.6,WB
1982,21095638,6.5,WB
1983,45517055,3.7,Uni.
1983,61399552,7.3,WB
1983,29450919,6.4,WB
1986,79817937,5.9,Par.
1987,22847564,7.3,Fox
1987,25411386,6.6,BV
1989,57041866,7.0,BV
1988,115227281,7.3,Fox
1988,4764606,5.7,BV
1988,13825794,6.8,Uni.
1988,60328558,6.9,Par.
1989,7825009,6.8,WB
1989,43247647,6.0,Uni.
1990,71609321,5.5,BV
1990,15369573,5.3,BV
1990,10005969,6.1,Par.
1991,17860280,6.3,Fox
1991,4409328,6.2,BV
1992,8403433,5.3,Uni.
1992,11390479,6.3,Par.
1992,101157447,8.2,WB
1993,21274717,5.4,Par.
1993,58055768,6.7,WB
1993,31181347,7.3,WB
1993,9317021,6.0,Uni.
1994,23070663,6.3,Par.
1994,24332324,6.2,BV
1994,3430583,6.3,BV
1994,11373501,6.2,WB
1995,17736619,5.5,BV
1995,32051917,6.6,WB
1995,38896854,6.6,Fox
1995,35431113,5.7,Sony
1995,50727965,6.0,Sony
1995,10382407,5.3,BV
1996,11829959,5.7,Sony
1996,180981856,7.2,Par.
1996,34327391,6.9,BV
1996,92027888,7.6,Par.
1997,50068310,6.7,Sony
1997,72586134,5.8,Sony
1997,59927618,5.2,BV
1998,44619100,7.2,Uni.
1998,39001187,6.7,Uni.
1997,2312463,4.9,BV
1998,37562568,7.0,Uni.
1998,66308518,6.6,BV
1998,46683377,6.3,WB
2000,14417593,6.7,Uni.
1998,54682547,6.2,DW
1999,33864342,5.9,WB
1999,75530832,6.9,WB
2000,27287137,7.4,BV
1998,12214338,5.5,BV
1999,27100031,6.0,Uni.
2000,37047880,6.4,BV
1999,10667893,4.2,Sony
2002,6835856,6.6,BV
2002,4420080,3.9,WB
2001,51804714,7.3,Sony
2002,30336800,5.2,WB
2001,27343067,6.0,Fox
2002,54234062,7.7,BV
2005,19297522,5.0,Dim.
2003,66934963,4.5,WB
2002,31945749,6.1,WB
2001,43905746,5.9,SonR
2002,170742341,8.2,Uni.
2001,22771646,5.5,Fox
2003,33715436,5.5,WB
2002,13728902,5.9,Par.
2004,67303450,6.7,BV
2005,1900451,4.2,WB
2005,290201752,7.7,WB
2003,81261177,7.2,Par.
2004,39799191,6.2,BV
2007,134529403,7.1,Fox
2003,4928883,1.9,Fox
2005,31726995,6.1,Uni.
2005,49772522,5.2,WB
2004,73780539,5.4,SonR
2005,43095856,6.3,Fox
2005,113086868,5.6,BV
2005,158119460,6.4,Par.
2006,1024640,7.0,LGF
2011,85468508,7.1,BV
2008,72266306,6.6,Sony
2007,24602291,7.3,SonR
2006,6090172,6.9,Fox
2008,80172128,6.1,Fox
2009,760507625,7.9,Fox
2011,14011084,6.0,Fox
2008,70231041,5.7,WB
2013,291045518,7.1,WB
2007,13938332,6.7,Par.
2009,257730019,7.9,Par.
2014,111506430,6.8,Fox
2007,63300095,5.9,LGF
2009,38577772,6.3,BV
2012,136025503,7.7,WB
2018,22000000,6.3,Par.
2009,66477700,5.1,WB (NL)
2010,24077427,6.4,LGF
2010,32680633,5.5,BV
2012,28835528,6.2,Uni.
2015,21067116,5.4,Sony
2013,75612460,6.7,Uni.
2010,62950384,6.0,BV
2016,325100054,5.9,WB
2013,3310031,6.4,LGF
2017,58060186,5.5,Par.
2011,209837675,7.3,Uni.
2012,59650222,6.4,Par.
2012,17450535,5.6,Uni.
2014,202853933,6.6,Sony
2012,53900335,4.6,Par.
2015,66013057,5.6,WB
2015,75764672,7.1,WB
2016,31153464,5.4,LG/S
2016,46009673,6.0,Fox
2016,125070033,7.4,WB
2017,27634716,6.5,Par.
2015,32000304,6.2,Fox
2016,59689605,6.0,Uni.
2018,213767512,6.9,BV
2017,102092201,6.5,WB (NL)
1953,48462608,7.3,Uni.
1968,53412862,7.1,Par.
1979,73691419,7.1,Uni.
1980,10697276,4.9,WB
1980,54766923,7.7,Par.
1980,7063886,7.0,Fox
1981,30565292,7.5,Uni.
1984,234760478,7.4,Par.
1985,9929135,7.9,Uni.
1985,8692426,6.5,Fox
1986,49042224,5.8,WB
1988,109306210,5.7,Par.
1987,23509382,5.5,BV
1987,7305209,4.8,WB
1988,128152301,7.1,Par.
1989,4973285,6.8,Par.
1989,10763469,6.4,BV
1990,6488114,6.2,Par.
1990,10959015,6.0,Fox
1990,29381956,6.4,Fox
1990,178406268,7.1,BV
1990,119412921,7.5,Sony
1991,38016380,6.8,Par.
1991,16371128,7.2,WB
1992,57114049,5.7,Uni.
1992,22518097,5.8,BV
1992,45500797,6.0,BV
1992,21633781,6.4,Fox
1992,139605150,6.5,BV
1992,83563139,6.5,WB
1993,24103594,6.2,BV
1994,1519366,5.3,WB
1993,4496583,7.9,BV
1993,9532895,6.9,Uni.
1993,219195243,7.1,Fox
1993,12281551,7.9,WB
1994,10032765,7.7,Par.
1994,30577969,5.3,BV
1994,19726050,5.2,BV
1994,45610410,6.1,BV
1995,17689177,6.6,BV
1994,36763355,4.7,Uni.
1994,52125282,6.3,Uni.
1994,32063435,6.0,Uni.
1994,25052000,6.7,WB
1995,2568425,7.7,Uni.
1995,25405445,7.1,Sony
1995,273188,6.7,WB
1995,71518503,6.6,WB
1995,67436818,8.3,WB
1995,100475249,7.1,Sony
1996,82569971,7.3,BV
1995,24047675,5.5,Par.
1996,4357406,5.3,WB
1996,3325651,5.0,WB
1996,31387164,5.2,BV
1996,103046663,7.4,Dim.
1996,10292300,6.6,BV
1997,67127760,6.0,Uni.
1998,13806137,6.1,Sony
1997,32000301,5.6,BV
1997,44480039,6.7,BV
1997,35281794,6.8,WB
1999,10115013,6.4,Fox
1999,4956401,6.5,Sony
1999,116089678,7.2,Uni.
1999,2062405,6.9,Fox
1999,36663315,6.6,Sony
1999,66518655,6.7,Uni.
1998,38072438,5.6,Sony
1999,73648142,5.9,WB
1999,31502583,5.3,Sony
2000,1823297,6.3,Sony
2000,44737059,6.6,WB
2000,21468807,4.4,Sony
2008,30060660,7.2,LGF
2003,281576461,7.2,WB
2002,18306166,6.5,Par.
2007,115802596,5.3,Sony
2001,100618344,6.9,Par.
2001,36845124,6.6,Fox
2003,100830111,4.9,Sony
2004,5884190,5.3,Par.
2004,6489476,4.9,WB
2005,68671925,6.0,Par.
2003,22738671,5.5,Par.
2003,22076772,4.6,DW
2004,77911774,7.7,Fox
2004,19176754,7.0,Uni.
2004,88097164,6.0,Uni.
2004,120908074,6.8,Sony
2006,200081192,6.1,WB
2005,870067,7.2,WB
2004,32682342,6.2,WB
2005,15337393,7.4,BV
2010,200821936,7.7,BV
2006,37384046,5.2,BV
2006,48751189,5.8,WB
2005,89707299,6.3,BV
2006,33602376,7.1,P/DW
2007,15309602,6.9,Uni.
2006,70511035,8.2,WB
2006,6995302,7.6,WB
2005,251495,5.2,WB
2007,39687694,6.2,Fox
2008,81159365,6.8,Sony
2010,26167002,6.5,Fox
2011,181030624,7.0,Par.
2009,18622031,7.7,Uni.
2008,110515313,7.1,P/DW
2010,35053660,6.8,Uni.
2009,25450527,6.5,Sony
2010,63150991,6.1,BV
2009,49492060,5.3,BV
2009,37491364,7.3,WB
2011,80035402,5.8,Par.
2009,177243721,6.0,Fox
2009,146336178,5.3,Sony
2009,71440011,7.0,P/DW
2010,300531751,5.1,Sum.
2013,20563273,7.2,Par.
2010,292576195,8.8,WB
2012,119412921,6.2,Sony
2011,352390543,6.2,P/DW
2010,45710178,5.5,LGF
2012,63536011,6.3,Sony
2011,48475290,5.3,Uni.
2014,241410378,6.9,BV
2013,67349198,5.2,Fox
2012,189422889,7.7,BV
2013,112200072,5.8,WB
2012,65001093,7.1,Uni.
2014,167767189,8.1,Fox
2015,459005868,7.3,BV
2014,43139300,6.1,Uni.
2016,9639125,6.7,Uni.
releaseYear,lifetime_gross,imdb_averageRating,studio
1937,4335968,7.3,WB
1941,186336279,6.3,Fox
1948,183875760,6.3,WB
1958,458000,6.8,Fox
1960,48462608,7.4,Uni.
1970,106397186,6.9,Par.
1973,115000000,7.4,Uni.
1974,22000000,6.9,Par.
1974,27634716,7.2,Par.
1977,17732000,5.9,Fox
1978,16393000,5.7,BV
1979,82258456,6.4,Par.
1980,103290500,6.9,Fox
1981,31261269,6.0,Uni.
1981,14110013,6.6,Par.
1982,29712172,7.1,WB
1983,25697647,7.0,WB
1983,14049540,5.2,Uni.
1985,14643997,7.2,Par.
1985,11137801,6.7,BV
1986,1476356,6.6,Uni.
1986,29844101,5.9,Fox
1986,37499651,6.4,Uni.
1986,21458229,6.2,BV
1987,42721196,6.0,Fox
1987,28061343,5.0,WB
1987,76270454,7.8,Par.
1988,11444204,6.0,Uni.
1988,16031707,5.9,Par.
1989,130724172,6.4,BV
1989,13906394,5.5,BV
1989,40586886,6.2,BV
1990,56362352,7.9,Fox
1990,217631306,7.1,Par.
1990,122012643,7.5,Par.
1990,27441977,6.9,WB
1990,23591472,6.2,WB
1990,30669413,6.3,Fox
1991,6153939,7.6,Fox
1992,8442162,5.8,Par.
1992,14358033,6.0,WB
1992,14356479,6.3,Fox
1992,76253806,6.8,Fox
1993,158348367,6.9,Par.
1993,20915465,4.1,BV
1994,72217396,6.9,WB
1994,20280016,5.9,Uni.
1994,28881266,4.9,BV
1994,2694234,5.4,Fox
1994,44853581,5.9,Uni.
1996,101295562,6.2,WB
1996,56569216,6.5,WB
1996,26877589,6.2,Par.
1996,306169268,7.0,Fox
1996,12825141,3.8,BV
1996,25857416,7.0,Fox
1997,112276146,7.3,Par.
1997,31642995,5.8,Uni.
1997,48169156,6.0,BV
1997,229086679,6.5,Uni.
1998,29342592,3.6,Sony
1998,18319860,5.8,Uni.
1998,19889299,5.5,BV
2001,76631907,7.7,WB
1999,10570375,6.1,WB
2000,29381494,5.1,Par.
1999,8302478,5.5,DW
2000,37170488,6.1,Sony
2001,65206105,6.3,Uni.
2001,60400856,5.3,Sony
2000,17200925,6.7,Sony
2000,15325127,5.7,WB
2000,95011339,7.3,BV
2000,18715392,7.4,WB
2003,12427717,8.6,BV
2002,41543917,6.4,Fox
2004,14589444,6.7,Fox
2002,52364010,7.6,BV
2002,605562,6.1,Dim.
2002,51432760,5.4,Fox
2003,93927920,7.5,Fox
2004,36611066,4.5,Fox
2005,32647042,6.3,Fox
2003,20991364,5.8,WB
2003,38125247,5.5,DW
2004,31041759,6.9,BV
2004,16703799,5.2,Fox
2005,206459076,6.7,WB
2005,22400154,4.7,Sony
2004,65955630,6.6,Par.
2006,423315812,7.4,BV
2005,18337722,7.3,WB
2006,11304403,6.5,BV
2006,12571185,6.1,Uni.
2006,28444855,5.5,LGF
2005,74494381,6.8,Par.
2006,36895141,6.6,WB
2008,36316032,6.4,Uni.
2008,10011996,6.7,Sum.
2007,36793804,6.7,WB
2007,43107979,6.3,WB
2007,4571521,7.5,LGF
2009,17303424,6.1,WB (NL)
2012,18450127,5.8,P/DW
2008,48237389,5.5,Sony
2008,46012734,5.8,Sony
2008,60494212,6.0,Uni.
2008,87341380,6.9,Sony
2010,104386950,6.3,Fox
2010,59713955,7.2,BV
2009,163958031,6.7,BV
2012,79727149,6.2,WB
2014,46294610,6.5,WB
2009,33316821,6.5,WB
2012,113203870,6.6,Uni.
2014,50577412,6.2,Par.
2009,112735375,6.5,Uni.
2011,35014192,7.6,Sum.
2012,13414714,7.1,LGF
2017,327481748,7.3,WB (NL)
2011,63686397,6.8,WB
2013,42025135,6.4,Uni.
2016,363070709,8.0,Fox
2013,137400141,7.5,WB (NL)
2012,51854875,6.6,BV
2012,19202743,7.6,BV
2011,35608245,6.1,Uni.
2011,54544638,5.6,WB (NL)
2013,29807260,6.4,WB
2012,161321843,6.5,Fox
2017,75468583,6.9,LG/S
2013,206362140,6.8,BV
2014,33680992,6.0,Par.
2017,73921000,6.2,Fox
2016,54647948,5.6,Fox
2014,103804407,6.3,WB
2016,27007844,7.6,LGF
2018,32732301,6.8,Par.
2015,130179072,6.2,LG/S
2014,54240821,7.3,BV
2015,109767581,7.6,WB (NL)
2016,270395425,7.1,Uni.
2016,532177324,7.8,BV
1950,38399961,7.3,Par.
1959,155385488,6.7,Uni.
1968,32589624,8.0,Fox
1974,47542841,9.0,Par.
1978,14560084,7.2,Par.
1979,364642,7.0,Par.
1981,12729675,7.3,Par.
1982,21028755,6.8,WB
1982,19282134,7.0,WB
1982,129795554,7.0,Par.
1982,111289673,6.2,Fox
1984,6700035,8.2,Uni.
1984,29600000,7.5,BV
1984,19265302,3.8,Par.
1984,5321508,8.3,WB
1985,358574,5.3,WB
1985,68706993,7.4,Par.
1986,12947763,6.1,Par.
1986,25314189,6.1,Par.
1989,32632093,6.7,WB
1988,37903295,6.3,WB
1988,83519093,8.2,Fox
1988,20324096,5.9,Par.
1989,11567217,4.4,WB
1990,41482207,6.4,WB
1991,5864949,6.8,WB
1990,15260154,6.8,WB
1990,16667084,7.1,Uni.
1991,9188150,5.6,Par.
1991,25196249,6.3,WB
1991,14143280,5.7,BV
1991,21830957,6.3,Fox
1991,11000863,5.6,Fox
1992,17530973,5.9,Uni.
1992,58883840,6.6,Uni.
1992,187705427,6.5,DW
1992,14796494,5.5,Par.
1992,44065653,5.9,WB
1992,17092453,4.9,Par.
1993,17953778,6.2,Uni.
1993,9709451,6.2,Par.
1993,70172621,7.0,WB
1993,14904910,6.5,BV
1993,11081586,6.2,Uni.
1993,100768056,6.6,WB
1993,35739755,6.7,Fox
1993,14543394,6.3,Fox
1993,39100956,7.3,BV
1994,10475705,6.0,BV
1994,92115211,6.7,WB
1994,130531208,5.0,Uni.
1994,4330020,6.5,Fox
1995,30160161,5.4,BV
1995,5535405,8.1,Sony
1995,46576136,6.2,Par.
1995,7919823,5.6,Fox
1995,24147179,6.9,BV
1996,144880014,5.7,Dis.
1996,17323326,5.0,Par.
1996,1141556,5.4,BV
1997,100920329,7.5,WB
1998,4553271,7.1,WB
1997,63820180,7.6,Sony
1997,54930280,6.4,Uni.
1997,6112613,4.8,Uni.
1997,41263140,6.0,DW
1998,19204929,6.1,Sony
1997,13130349,7.2,WB
1998,90757863,6.5,DW
1998,201578182,6.7,BV
1998,27007143,6.0,Sony
1999,32698899,6.6,BV
1998,17460020,6.6,Uni.
1998,29967750,6.0,Sony
1998,34102780,6.1,Uni.
1999,8891623,6.7,BV
2000,4739023,6.1,BV
1999,14276317,6.4,Sony
1998,32000000,4.6,Par.
2000,34134641,7.0,WB
1999,17845337,5.8,Fox
2000,19393557,7.2,Par.
2001,45172250,6.5,Par.
2000,182811707,6.4,Par.
2000,106807667,6.3,WB
2000,15618626,5.3,Sony
2001,24174218,5.7,WB
2001,25288103,6.7,WB
2002,64956806,5.5,Sony
2002,56832494,6.0,DW
2002,23586598,5.3,Sony
2004,57761012,6.6,Uni.
2004,249759843,7.9,WB
2003,132716677,5.6,BV
2002,14973382,6.2,Fox
2002,25473352,6.7,BV
2003,1571504,6.8,BV
2003,58331254,7.4,BV
2004,186740799,6.5,Fox
2004,51882244,6.3,BV
2004,37486512,6.0,BV
2004,29331068,4.7,BV
2006,28444855,6.1,LGF
2005,206852432,8.2,WB
2005,80270227,5.1,WB
2005,18801234,5.9,Sony
2010,44114232,6.6,P/DW
2005,12482775,6.6,Par.
2005,86432000,5.9,AIP
2005,46464023,5.9,Sony
2006,7459300,6.9,Fox
2009,21002919,7.9,Fox
2010,31524275,7.5,Uni.
2006,23649127,3.8,WB
2007,16809076,6.1,Uni.
2007,183135014,7.3,Fox
2007,49033882,7.2,WB
2013,187168425,7.2,Fox
2007,168273550,5.8,BV
2009,104400899,7.1,BV
2008,14589444,6.5,Fox
2008,80048433,7.0,Par.
2009,109204945,5.5,Uni.
2008,31715062,6.1,LGF
2008,8402485,6.5,Sum.
2010,32746941,6.5,WB
2012,237283207,7.1,BV
2010,48071303,7.6,LGF
2009,296623634,4.8,Sum.
2009,25533818,4.8,Uni.
2012,38518613,5.9,WB (NL)
2014,50474843,6.7,WB (NL)
2011,64006466,5.8,WB
2011,70662220,6.2,Par.
2010,1044143,7.0,LGF
2011,186848418,7.4,WB
2015,58884188,6.1,WB (NL)
2011,75658097,6.8,WB
2016,103144286,5.2,Fox
2013,117723989,7.2,LG/S
2016,54767494,5.9,Par.
2013,95720716,7.4,Sony
1968,14973382,6.6,Fox
2014,17654912,7.7,Par.
2013,238679850,7.0,Uni.
2013,71017784,5.3,Sony
2013,159582188,6.6,Fox
2018,60311495,6.2,Uni.
2015,8005980,5.5,Uni.
2016,341268248,8.0,BV
2016,34343574,6.2,Sony
2018,608581744,7.6,BV
2016,54030051,5.9,WB (NL)
2015,12429583,5.7,BV
2018,417719760,6.1,Uni.
2018,220159104,7.7,Par.
releaseYear,lifetime_gross,imdb_averageRating,studio
1964,72560711,7.8,WB
1974,29200000,8.2,Par.
1976,46236000,6.7,WB
1977,41687243,6.6,WB
1977,14717854,5.7,Par.
1978,47000000,7.7,CIP
1979,37823676,7.8,Fox
1981,5732587,7.4,Par.
1981,20259961,5.5,Uni.
1982,15171476,4.5,Par.
1983,55432841,6.1,WB
1985,18432000,6.9,WB
1986,3900000,6.1,Fox
1987,35659098,6.6,Par.
1989,54461047,7.5,Fox
1989,118450002,7.8,Uni.
1989,49797148,7.2,Par.
1989,12143484,5.3,WB
1989,14278900,6.1,Uni.
1990,25029569,5.4,BV
1991,24204154,6.4,Uni.
1993,10058318,5.0,WB
1993,57319029,5.7,BV
1993,50081992,6.2,WB
1994,5887457,7.8,BV
1994,330455270,8.8,Par.
1994,13137484,6.3,Uni.
1994,26381221,6.2,Par.
1994,30626182,5.6,WB
1995,17381942,7.3,WB
1995,19751736,4.6,Par.
1996,60240295,6.1,Sony
1996,14551359,6.0,Uni.
1996,25143818,6.9,Sony
1996,18937262,3.1,BV
1996,34861807,6.3,Fox
2001,4274407,2.4,Fox
1997,23712993,5.8,Par.
1997,30882515,4.6,Fox
1998,75383563,6.7,BV
1997,10541523,6.3,WB
1997,148478011,7.7,Sony
1997,7936780,6.1,BV
1997,659363944,7.9,Par.
1998,37672941,5.7,Fox
1999,8408835,6.0,Fox
1998,22510798,6.2,WB
1998,130444603,6.6,WB
1999,63886029,6.8,Uni.
1998,21567853,6.9,BV
1999,66384775,6.5,Uni.
1998,7027290,6.5,Uni.
1999,171479930,8.7,WB
1999,6852450,5.9,Par.
1999,3117085,5.7,Sony
2000,7027345,5.6,Uni.
2001,181171875,5.9,Uni.
1999,140035367,6.0,Sony
2003,150371112,6.3,WB
2000,66957026,4.8,BV
2000,68540777,6.5,DW
2000,34604280,5.9,Sony
2002,764554,7.0,WB
2001,20384136,4.9,WB
2001,45246095,5.6,Par.
2002,14036406,5.1,SonR
2001,50338485,7.4,Uni.
2002,41281092,7.3,WB
2002,40388794,3.3,SonR
2003,19481943,5.6,Par.
2003,52159536,7.3,Sony
2003,67406573,7.0,BV
2004,25198598,5.3,Par.
2003,43610723,6.7,BV
2003,21386011,5.0,BV
2006,59952835,6.7,Uni.
2003,59694580,5.8,WB
2005,11273517,7.1,Sony
2005,218080025,7.2,Uni.
2004,59020957,7.3,Uni.
2005,82674398,4.8,SonR
2004,101005703,7.5,DW
2004,33987757,7.2,Sony
2006,46982632,6.5,Sony
2007,126631277,6.1,P/DW
2008,114053579,6.8,BV
2007,33231264,7.0,Uni.
2006,55011732,6.9,BV
2008,127509326,7.8,Par.
2007,49662533,4.3,SonR
2009,125322469,6.5,WB
2011,149260504,6.6,P/DW
2006,65328121,6.5,BV
2007,11003643,6.3,WB
2006,27838408,6.9,LGF
2010,23591432,6.2,WB
2006,80238724,6.2,LGF
2009,124870275,6.9,Sony
2009,209028679,7.6,WB
2010,17010170,5.8,WB
2009,402111870,6.0,P/DW
2008,38233676,2.8,Fox
2009,41596251,7.0,WB
2011,191452396,6.2,BV
2010,55675313,6.9,WB
2012,42073277,7.0,LGF
2011,95461682,5.7,WB
2011,28087155,5.1,LGF
2016,27569558,6.7,BV
2016,86260045,7.3,WB
2016,14904426,5.9,Fox
2017,218967620,7.1,BV
2017,264624300,6.2,Uni.
2018,216648740,7.0,BV
2018,40826341,7.5,Fox
2018,324591735,7.6,Fox
